Hero,Ability name,mana cost,cooldown,abilitycastrange,range,movespeed_bonus,silence duration,silence chance,stun_min,stun_max,stun chance,root,bkb pierce,mana_drain,delay,health_regen,mana_regen,bonus_armor,duration,attackspeed_bonus,movespeed_bonus,damage_reduction,heal_amount,self_heal,status resistence,magic resistance,invisibility,lifesteal,evasion,damage_per_tick,damage_tick,damage_min,damage_max,bonus_damage,summon_count,summon_armor,summon_duration,summon_damage_min,summon_damage_max,summon_attack_speed,summon_hp,summon_damage_taken,summon_speed,summon_vision
npc_dota_hero_antimage,antimage_mana_break,0,0,0,0,0,3,0.15,0,0,0,0,0,0,0,0,0,0,0,0,0,0,0,0,0,0.5,0,0,0,0,0,0,0,64,0,0,0,0,0,0,0,0,0,0
npc_dota_hero_antimage,antimage_blink,60,6,0,0,0,0,0,0,0,0,0,0,0,0,0,0,0,0,0,0,0,0,0,0,0,0,0,0,0,0,0,0,0,0,0,0,0,0,0,0,0,0,0
npc_dota_hero_antimage,antimage_counterspell,60,3,0,0,0,0,0,0,0,0,0,0,0,0,0,0,0,1.2,0,0,0,0,0,0,0,0,0,0,0,0,0,0,0,0,0,0,0,0,0,0,0,0,0
npc_dota_hero_antimage,antimage_mana_void,275,70,600,500,0,0,0,0.3,0.3,1,0,0,0,0,0,0,0,0,0,0,0,0,0,0,0,0,0,0,0,0,0,0,0,0,0,0,0,0,0,0,0,0,0
npc_dota_hero_axe,axe_berserkers_call,110,10,0,300,0,0,0,3.2,3.2,1,0,1,0,0,0,0,30,3.2,0,0,0,0,0,0,0,0,0,0,0,0,0,0,0,0,0,0,0,0,0,0,0,0,0
npc_dota_hero_axe,axe_battle_hunger,80,5,750,0,-0.12,0,0,0,0,0,0,0,0,0,0,0,0,12,0,-0.12,0,0,0,0,0,0,0,0,40,1,0,0,0,0,0,0,0,0,0,0,0,0,0
npc_dota_hero_axe,axe_counter_helix,0,0.3,0,275,0,0,0,0,0,0,0,1,0,0,0,0,0,0,0,0,0,0,0,0,0,0,0,0,0,0,180,180,0,0,0,0,0,0,0,0,0,0,0
npc_dota_hero_axe,axe_culling_blade,180,55,150,900,0.3,0,0,0,0,0,0,1,0,0,0,0,0,0,30,0.3,0,0,0,0,0,0,0,0,0,0,300,300,0,0,0,0,0,0,0,0,0,0,0
npc_dota_hero_bane,bane_nightmare,165,13,650,0,0,0,0,7,7,1,0,0,0,0,0,0,0,7,0,0,1,0,0,1,1,0,0,0,0,0,0,0,0,0,0,0,0,0,0,0,0,0,0
npc_dota_hero_bane,bane_brain_sap,165,11,600,0,0,0,0,0,0,0,0,0,0,0,0,0,0,0,0,0,0,0,400,0,0,0,0,0,0,0,400,400,0,0,0,0,0,0,0,0,0,0,0
npc_dota_hero_bane,bane_enfeeble,0,0,0,0,0,0,0,0,0,0,0,0,0,0,0,0,0,8,0,0,0,0,0,-0.3,-0.16,0,0,0,0,0,0,0,0,0,0,0,0,0,0,0,0,0,0
npc_dota_hero_bane,bane_fiends_grip,400,100,625,0,0,0,0,6,6,1,0,1,0.05,0,0,0,0,0,0,0,0,0,0,0,0,0,0,0,0,0,215,215,0,0,0,0,0,0,0,0,0,0,0
npc_dota_hero_bloodseeker,bloodseeker_bloodrage,0,6,800,0,0,0,0,0,0,0,0,0,0,0,0,0,0,12,0,0,0,0,0,0,0,0,0,0,0,0,0,0,0,0,0,0,0,0,0,0,0,0,0
npc_dota_hero_bloodseeker,bloodseeker_blood_bath,100,12,1500,600,0,6,1,0,0,0,0,0,0,2.6,0,0,0,0,0,0,0,0,0,0,0,0,0,0,0,0,275,275,0,0,0,0,0,0,0,0,0,0,0
npc_dota_hero_bloodseeker,bloodseeker_thirst,0,0,0,0,0.44,0,0,0,0,0,0,0,0,0,0,0,0,0,75,0.44,0,0,426,0,0,0,0,0,0,0,0,0,0,0,0,0,0,0,0,0,0,0,0
npc_dota_hero_bloodseeker,bloodseeker_rupture,250,70,800,0,0,0,0,0,0,0,0,0,0,0,0,0,0,12,0,0,0,0,0,0,0,0,0,0,0,0,0,0,0,0,0,0,0,0,0,0,0,0,0
npc_dota_hero_crystal_maiden,crystal_maiden_crystal_nova,175,8,700,425,-0.5,0,0,0,0,0,0,0,0,0,0,0,0,4.5,-50,-0.5,0,0,0,0,0,0,0,0,0,0,260,260,0,0,0,0,0,0,0,0,0,0,0
npc_dota_hero_crystal_maiden,crystal_maiden_frostbite,155,6,550,0,0,0,0,0,0,0,3,0,0,0,0,0,0,3,0,0,0,0,0,0,0,0,0,0,0,0,300,300,0,0,0,0,0,0,0,0,0,0,0
npc_dota_hero_crystal_maiden,crystal_maiden_brilliance_aura,0,0,0,0,0,0,0,0,0,0,0,0,0,0,0,2,0,0,0,0,0,0,0,0,0,0,0,0,0,0,0,0,0,0,0,0,0,0,0,0,0,0,0
npc_dota_hero_crystal_maiden,crystal_maiden_freezing_field,600,90,0,810,-0.3,0,0,0,0,0,0,0,0,0,0,0,20,10,-60,-0.3,0,0,0,0,0,0,0,0,0,0,250,250,0,0,0,0,0,0,0,0,0,0,0
npc_dota_hero_drow_ranger,drow_ranger_frost_arrows,12,0,620,0,-0.64,0,0,0,0,0,0,0,0,0,0,0,0,1.5,0,-0.64,0,0,0,0,0,0,0,0,0,0,20,20,0,0,0,0,0,0,0,0,0,0,0
npc_dota_hero_drow_ranger,drow_ranger_wave_of_silence,90,13,900,250,0,6,1,0,0,0,0.9,0,0,0,0,0,0,0,0,0,0,0,0,0,0,0,0,0,0,0,0,0,0,0,0,0,0,0,0,0,0,0,0
npc_dota_hero_drow_ranger,drow_ranger_multishot,110,20,0,50,0,0,0,0,0,0,0,0,0,0,0,0,0,0,0,0,0,0,0,0,0,0,0,0,0,0,20,92.8,0,0,0,0,0,0,0,0,0,0,0
npc_dota_hero_drow_ranger,drow_ranger_marksmanship,0,0,0,1200,0,0,0,0,0,0,0,1,0,0,0,0,0,0,0,0,0,0,0,0,0,0,0,0,0,0,0,0,98.8,0,0,0,0,0,0,0,0,0,0
npc_dota_hero_earthshaker,earthshaker_fissure,170,15,1400,225,0,0,0,1.75,1.75,1,0,0,0,0,0,0,0,8,0,0,0,0,0,0,0,0,0,0,0,0,260,260,0,0,0,0,0,0,0,0,0,0,0
npc_dota_hero_earthshaker,earthshaker_enchant_totem,50,5,0,75,0,0,0,0,0,0,0,0,0,0,0,0,0,14,0,0,0,0,0,0,0,0,0,0,0,0,236,236,0,0,0,0,0,0,0,0,0,0,0
npc_dota_hero_earthshaker,earthshaker_aftershock,0,0,0,300,0,0,0,1.5,1.5,1,0,0,0,0,0,0,0,1.5,0,0,0,0,0,0,0,0,0,0,0,0,150,150,0,0,0,0,0,0,0,0,0,0,0
npc_dota_hero_earthshaker,earthshaker_echo_slam,265,110,0,600,0,0,0,0,0,0,0,0,0,0,0,0,0,0,0,0,0,0,0,0,0,0,0,0,0,0,180,5300,0,0,0,0,0,0,0,0,0,0,0
npc_dota_hero_juggernaut,juggernaut_blade_fury,90,18,0,250,0,0,0,0,0,0,0,0,0,0,0,0,0,5,0,0,0,0,0,1,1,0,0,0,160,0.2,0,0,0,0,0,0,0,0,0,0,0,0,0
npc_dota_hero_juggernaut,juggernaut_healing_ward,140,60,350,500,0,0,0,0,0,0,0,0,0,0,0,0,0,25,0,0,0,1500,0,0,0,0,0,0,0,0,0,0,0,1,0,25,0,0,0,1,1,350,600
npc_dota_hero_juggernaut,juggernaut_blade_dance,0,0,0,0,0,0,0,0,0,0,0,0,0,0,0,0,0,0,0,0,0,0,0,0,0,0,0,0,0,0,0,0,99,0,0,0,0,0,0,0,0,0,0
npc_dota_hero_juggernaut,juggernaut_swift_slash,100,15,650,0,0,0,0,0,0,0,0,1,0,0,0,0,0,0.8,0,0,1,0,0,1,1,0,0,0,0,0,50,189,0,0,0,0,0,0,0,0,0,0,0
npc_dota_hero_juggernaut,juggernaut_omni_slash,350,140,350,425,0,0,0,0,0,0,0,1,0,0,0,0,0,3.5,0,0,1,0,0,1,1,0,0,0,0,0,200,1287,0,0,0,0,0,0,0,0,0,0,0
npc_dota_hero_mirana,mirana_starfall,155,12,0,650,0,0,0,0,0,0,0,0,0,0,0,0,0,10,0,0,0,0,0,0,0,0,0,0,0,0,300,300,0,0,0,0,0,0,0,0,0,0,0
npc_dota_hero_mirana,mirana_arrow,100,15,3000,0,0,0,0,0.01,5,1,0,0,0,0,0,0,0,3.11,0,0,0,0,0,0,0,0,0,0,0,0,330,330,0,0,0,0,0,0,0,0,0,0,0
npc_dota_hero_mirana,mirana_leap,40,0,0,0,0.32,0,0,0,0,0,0,0,0,0,0,0,0,0,0,0,0,0,0,0,0,0,0,0,0,0,0,0,0,0,0,0,0,0,0,0,0,0,0
npc_dota_hero_mirana,mirana_invis,125,100,0,0,0.15,0,0,0,0,0,0,0,0,0,0,0,0,18,0,0.15,0,0,0,0,0,18,0,0,0,0,0,0,0,0,0,0,0,0,0,0,0,0,0
npc_dota_hero_nevermore,nevermore_shadowraze1,90,10,200,250,0,0,0,0,0,0,0,0,0,0,0,0,0,8,0,0,0,0,0,0,0,0,0,0,0,0,300,300,0,0,0,0,0,0,0,0,0,0,0
npc_dota_hero_nevermore,nevermore_shadowraze2,90,10,450,250,0,0,0,0,0,0,0,0,0,0,0,0,0,8,0,0,0,0,0,0,0,0,0,0,0,0,300,300,0,0,0,0,0,0,0,0,0,0,0
npc_dota_hero_nevermore,nevermore_shadowraze3,90,10,700,250,0,0,0,0,0,0,0,0,0,0,0,0,0,8,0,0,0,0,0,0,0,0,0,0,0,0,300,300,0,0,0,0,0,0,0,0,0,0,0
npc_dota_hero_nevermore,nevermore_necromastery,0,0,0,0,0,0,0,0,0,0,0,0,0,0,0,0,0,0,0,0,0,0,0,0,0,0,0,0,0,0,0,0,80,0,0,0,0,0,0,0,0,0,0
npc_dota_hero_nevermore,nevermore_dark_lord,0,0,0,0,0,0,0,0,0,0,0,1,0,0,0,0,-7,0,0,0,0,0,0,0,0,0,0,0,0,0,0,0,0,0,0,0,0,0,0,0,0,0,0
npc_dota_hero_nevermore,nevermore_requiem,200,100,0,1000,0,0,0,0,0,0,0,0,0,0,0,0,0,0,0,0,0,0,0,0,0,0,0,0,0,0,160,160,0,0,0,0,0,0,0,0,0,0,0
npc_dota_hero_morphling,morphling_waveform,165,11,1000,200,0,0,0,0,0,0,0,0,0,0,0,0,0,0,0,0,1,0,0,1,1,0,0,0,0,0,300,300,0,0,0,0,0,0,0,0,0,0,0
npc_dota_hero_morphling,morphling_adaptive_strike_agi,80,10,900,300,0,0,0,0,0,0,0,0,0,0,0,0,0,0,0,0,0,0,0,0,0,0,0,0,0,0,0.5,2.5,0,0,0,0,0,0,0,0,0,0,0
npc_dota_hero_morphling,morphling_adaptive_strike_str,80,10,900,300,0,0,0,0.5,3,1,0,0,0,0,0,0,0,0,0,0,0,0,0,0,0,0,0,0,0,0,0,0,0,0,0,0,0,0,0,0,0,0,0
npc_dota_hero_morphling,morphling_morph_agi,0,0,0,0,0,0,0,0,0,0,0,0,0,0,0,0,0,0,0,0,0,0,0,0,0,0,0,0,0,0,0,0,0,0,0,0,0,0,0,0,0,0,0
npc_dota_hero_morphling,morphling_morph_str,0,0,0,0,0,0,0,0,0,0,0,0,0,0,0,0,0,0,0,0,0,0,0,0,0,0,0,0,0,0,0,0,0,0,0,0,0,0,0,0,0,0,0
npc_dota_hero_morphling,morphling_replicate,50,40,0,0,0,0,0,0,0,0,0,1,0,0,0,0,0,20,0,0,0,0,0,0,0,0,0,0,0,0,0,0,0,0,0,0,0,0,0,0,0,0,0
npc_dota_hero_morphling,morphling_morph_replicate,0,1,0,0,0,0,0,0,0,0,0,0,0,0,0,0,0,0,0,0,0,0,0,0,0,0,0,0,0,0,0,0,0,0,0,0,0,0,0,0,0,0,0
npc_dota_hero_morphling,morphling_morph,0,0,0,0,0,0,0,0,0,0,0,0,0,0,0,0,0,0,0,0,0,0,0,0,0,0,0,0,0,0,0,0,0,0,0,0,0,0,0,0,0,0,0
npc_dota_hero_phantom_lancer,phantom_lancer_spirit_lance,140,7,750,0,-0.34,0,0,0,0,0,0,0,0,0,0,0,0,3.25,0,-0.34,0,0,0,0,0,0,0,0,0,0,280,280,0,1,11,8,19.2,22,150,1160,4,290,1800
npc_dota_hero_phantom_lancer,phantom_lancer_doppelwalk,50,10,600,325,0,0,0,0,0,0,0,0,0,1,0,0,0,0,0,0,0,0,0,0,0,0,0,0,0,0,0,0,0,2,11,8,19.2,22,150,1160,1,290,1800
npc_dota_hero_phantom_lancer,phantom_lancer_phantom_edge,0,4,900,0,0,0,0,0,0,0,0,0,0,0,0,0,0,0,0,0,1,0,0,1,1,0,0,0,0,0,0,0,44,0,0,0,0,0,0,0,0,0,0
npc_dota_hero_phantom_lancer,phantom_lancer_juxtapose,0,0,0,0,0,0,0,0,0,0,0,0,0,0,0,0,0,0,0,0,0,0,0,0,0,0,0,0,0,0,0,0,0,8,11,8,20,21,150,1160,6.5,290,1800
npc_dota_hero_puck,puck_illusory_orb,140,10,3000,225,0,0,0,0,0,0,0,0,0,0,0,0,0,0,0,0,0,0,0,0,0,0,0,0,0,0,280,280,0,0,0,0,0,0,0,0,0,0,0
npc_dota_hero_puck,puck_waning_rift,130,13,275,400,0,3.5,1,0,0,0,0,0,0,0,0,0,0,0,0,0,0,0,0,0,0,0,0,0,0,0,280,280,0,0,0,0,0,0,0,0,0,0,0
npc_dota_hero_puck,puck_phase_shift,0,6,0,0,0,0,0,0,0,0,0,0,0,0,0,0,0,3.25,0,0,1,0,0,1,1,3.25,0,0,0,0,0,0,0,0,0,0,0,0,0,0,0,0,0
npc_dota_hero_puck,puck_ethereal_jaunt,0,0,0,0,0,0,0,0,0,0,0,0,0,0,0,0,0,0,0,0,0,0,0,0,0,0,0,0,0,0,0,0,0,0,0,0,0,0,0,0,0,0,0
npc_dota_hero_puck,puck_dream_coil,200,60,750,375,0,0,0,0.5,3,1,0,0,0,0,0,0,0,6,0,0,0,0,0,0,0,0,0,0,0,0,200,700,0,0,0,0,0,0,0,0,0,0,0
npc_dota_hero_pudge,pudge_meat_hook,140,12,1300,100,0,0,0,0.9,0.9,1,0,1,0,0,0,0,0,0,0,0,0,0,0,0,0,0,0,0,0,0,360,360,0,0,0,0,0,0,0,0,0,0,0
npc_dota_hero_pudge,pudge_rot,0,0,0,250,-0.32,0,0,0,0,0,0,0,0,0,0,0,0,0,0,0,0,0,0,0,0,0,0,0,24,0.2,0,0,0,0,0,0,0,0,0,0,0,0,0
npc_dota_hero_pudge,pudge_flesh_heap,0,0,0,450,0,0,0,0,0,0,0,0,0,0,0,0,0,0,0,0,0,0,0,0,0,0,0,0,0,0,0,0,0,0,0,0,0,0,0,0,0,0,0
npc_dota_hero_pudge,pudge_eject,0,0,0,0,0,0,0,0,0,0,0,0,0,0,0,0,0,0,0,0,0,0,0,0,0,0,0,0,0,0,0,0,0,0,0,0,0,0,0,0,0,0,0
npc_dota_hero_pudge,pudge_dismember,170,20,160,0,0,0,0,0.1,3,1,0,1,0,0,0,0,0,0,0,0,0,0,1500,0,0,0,1,0,0,0,120,120,0,0,0,0,0,0,0,0,0,0,0
npc_dota_hero_razor,razor_plasma_field,125,14,0,700,-0.4,0,0,0,0,0,0,0,0,0,0,0,0,0,0,0,0,0,0,0,0,0,0,0,0,0,45,185,0,0,0,0,0,0,0,0,0,0,0
npc_dota_hero_razor,razor_static_link,65,250,550,0,0,0,0,0,0,0,0,1,0,0,0,0,0,0,0,0,0,0,0,0,0,0,0,0,0,0,0,0,178,0,0,0,0,0,0,0,0,0,0
npc_dota_hero_razor,razor_unstable_current,0,0,0,0,0.24,0,0,0,0,0,0,0,0,0,0,0,0,0,0,0.24,0,0,0,0,0,0,0,0,0,0,0,0,0,0,0,0,0,0,0,0,0,0,0
npc_dota_hero_razor,razor_eye_of_the_storm,200,60,0,500,0,0,0,0,0,0,0,1,0,0,0,0,-1,30,0,0,0,0,0,0,0,0,0,0,0,0,70,5400,0,0,0,0,0,0,0,0,0,0,0
npc_dota_hero_sand_king,sandking_burrowstrike,140,11,700,150,0,0,0,2.2,2.2,1,0,0,0,0,0,0,0,0,0,0,0,0,0,0,0,0,0,0,0,0,280,280,0,0,0,0,0,0,0,0,0,0,0
npc_dota_hero_sand_king,sandking_sand_storm,75,22,0,650,0,0,0,0,0,0,0,0,0,0,0,0,0,35,0,0,0,0,0,0,0,60,0,0,0,0,95,95,0,0,0,0,0,0,0,0,0,0,0
npc_dota_hero_sand_king,sandking_caustic_finale,0,0,0,500,-0.3,0,0,0,0,0,0,0,0,0,0,0,0,6,-30,-0.3,0,0,0,0,0,0,0,0,0,0,220,220,0,0,0,0,0,0,0,0,0,0,0
npc_dota_hero_sand_king,sandking_epicenter,300,100,0,725,-0.3,0,0,0,0,0,0,0,0,0,0,0,0,3,-30,-0.3,0,0,0,0,0,0,0,0,0,0,130,130,0,0,0,0,0,0,0,0,0,0,0
npc_dota_hero_storm_spirit,storm_spirit_static_remnant,100,3.5,0,260,0,0,0,0,0,0,0,0,0,1,0,0,0,12,0,0,0,0,0,0,0,0,0,0,0,0,285,285,0,0,0,0,0,0,0,0,0,0,0
npc_dota_hero_storm_spirit,storm_spirit_electric_vortex,90,16,300,0,0,0,0,2.6,2.6,1,0,0,0,0,0,0,0,2.6,0,0,0,0,0,0,0,0,0,0,0,0,0,0,0,0,0,0,0,0,0,0,0,0,0
npc_dota_hero_storm_spirit,storm_spirit_overload,0,0,0,300,-0.8,0,0,0,0,0,0,0,0,0,0,0,0,0.6,-80,-0.8,0,0,0,0,0,0,0,0,0,0,100,100,0,0,0,0,0,0,0,0,0,0,0
npc_dota_hero_storm_spirit,storm_spirit_ball_lightning,30,0,10000,200,0,0,0,0,0,0,0,0,0,0,0,0,0,0,0,0,1,0,0,1,1,0,0,0,0,0,16,1600,0,0,0,0,0,0,0,0,0,0,0
npc_dota_hero_sven,sven_storm_bolt,140,14,600,255,0,0,0,2,2,1,0,0,0,0,0,0,0,2,0,0,0,0,0,0,0,0,0,0,0,0,320,320,0,0,0,0,0,0,0,0,0,0,0
npc_dota_hero_sven,sven_great_cleave,0,0,0,700,0,0,0,0,0,0,0,1,0,0,0,0,0,0,0,0,0,0,0,0,0,0,0,0,0,0,0,0,0,0,0,0,0,0,0,0,0,0,0
npc_dota_hero_sven,sven_warcry,60,20,0,700,0.22,0,0,0,0,0,0,0,0,0,0,0,15,8,0,0.22,0,0,0,0,0,0,0,0,0,0,0,0,24,0,0,0,0,0,0,0,0,0,0
npc_dota_hero_sven,sven_gods_strength,200,110,0,0,0,0,0,0,0,0,0,0,0,0,0,0,0,25,0,0,0,0,0,0,0,0,0,0,0,0,0,0,366.6,0,0,0,0,0,0,0,0,0,0
npc_dota_hero_tiny,tiny_avalanche,120,14,600,400,0,0,0,0.2,0.2,1,0,0,0,0,0,0,0,1.4,0,0,0,0,0,0,0,0,0,0,0,0,300,300,0,0,0,0,0,0,0,0,0,0,0
npc_dota_hero_tiny,tiny_toss,120,11,1300,275,0,0,0,0,0,0,0,0,0,0,0,0,0,1.3,0,0,0,0,0,0,0,0,0,0,0,0,300,300,30,0,0,0,0,0,0,0,0,0,0
npc_dota_hero_tiny,tiny_tree_grab,50,10,165,400,-0.1,0,0,0,0,0,0,1,0,0,0,0,0,0,0,-0.1,0,0,0,0,0,0,0,0,0,0,0,0,40,0,0,0,0,0,0,0,0,0,0
npc_dota_hero_tiny,tiny_tree_channel,200,15,1300,400,0,0,0,0,0,0,0,1,0,0,0,0,0,0,0,0,0,0,0,0,0,0,0,0,0,0,0,0,0,0,0,0,0,0,0,0,0,0,0
npc_dota_hero_tiny,tiny_grow,0,0,0,0,0,0,0,0,0,0,0,0,0,0,0,0,22,0,-50,0,0,0,0,0,0,0,0,0,0,0,0,0,75,0,0,0,0,0,0,0,0,0,0
npc_dota_hero_tiny,tiny_toss_tree,0,0,1300,400,0,0,0,0,0,0,0,0,0,0,0,0,0,0,0,0,0,0,0,0,0,0,0,0,0,0,40,40,0,0,0,0,0,0,0,0,0,0,0
npc_dota_hero_vengefulspirit,vengefulspirit_magic_missile,130,9,550,0,0,0,0,1.7,1.7,1,0,0,0,0,0,0,0,0,0,0,0,0,0,0,0,0,0,0,0,0,360,360,0,0,0,0,0,0,0,0,0,0,0
npc_dota_hero_vengefulspirit,vengefulspirit_wave_of_terror,40,10,1400,300,0,0,0,0,0,0,0,0,0,0,0,0,-6,8,0,0,0,0,0,0,0,0,0,0,0,0,120,120,0,0,0,0,0,0,0,0,0,0,0
npc_dota_hero_vengefulspirit,vengefulspirit_command_aura,0,0,0,1200,0,0,0,0,0,0,0,0,0,0,0,0,0,0,0,0,0,0,0,0,0,0,0,0,0,0,0,0,125,1,0,60,84,102,150,1240,1,290,1800
npc_dota_hero_vengefulspirit,vengefulspirit_nether_swap,200,0,1000,0,0,0,0,0,0,0,0,1,0,0,0,0,0,0,0,0,0,0,0,0,0,0,0,0,0,0,0,0,0,0,0,0,0,0,0,0,0,0,0
npc_dota_hero_windrunner,windrunner_shackleshot,115,10,800,575,0,0,0,3.8,3.8,1,0,0,0,0,0,0,0,0,0,0,0,0,0,0,0,0,0,0,0,0,0,0,0,0,0,0,0,0,0,0,0,0,0
npc_dota_hero_windrunner,windrunner_powershot,120,9,2600,125,0,0,0,0,0,0,0,0,0,0,0,0,0,0,0,0,0,0,0,0,0,0,0,0,0,0,450,450,0,0,0,0,0,0,0,0,0,0,0
npc_dota_hero_windrunner,windrunner_windrun,50,12,0,0,0.6,0,0,0,0,0,0,0,0,0,0,0,0,6,0,0.6,0,0,0,0,0,0,0,1,0,0,0,0,0,0,0,0,0,0,0,0,0,0,0
npc_dota_hero_windrunner,windrunner_focusfire,125,30,0,0,0,0,0,0,0,0,0,1,0,0,0,0,0,20,475,0,0,0,0,0,0,0,0,0,0,0,0,0,0,0,0,0,0,0,0,0,0,0,0
npc_dota_hero_zuus,zuus_arc_lightning,80,1.6,850,500,0,0,0,0,0,0,0,0,0,0,0,0,0,0,0,0,0,0,0,0,0,0,0,0,0,0,145,145,0,0,0,0,0,0,0,0,0,0,0
npc_dota_hero_zuus,zuus_lightning_bolt,135,6,850,0,0,0,0,0.2,0.2,1,0,0,0,0,0,0,0,0,0,0,0,0,0,0,0,0,0,0,0,0,350,350,0,0,0,0,0,0,0,0,0,0,0
npc_dota_hero_zuus,zuus_static_field,0,0,0,0,0,0,0,0,0,0,0,0,0,0,0,0,0,0,0,0,0,0,0,0,0,0,0,0,0,0,60,60,0,0,0,0,0,0,0,0,0,0,0
npc_dota_hero_zuus,zuus_cloud,325,35,10000,450,0,0,0,0,0,0,0,0,0,0,0,0,0,35,0,0,0,0,0,0,0,0,0,0,0,0,350,350,0,0,0,0,0,0,0,0,0,0,0
npc_dota_hero_zuus,zuus_thundergods_wrath,450,90,10000,0,0,0,0,0,0,0,0,0,0,0,0,0,0,0,0,0,0,0,0,0,0,0,0,0,0,0,500,500,0,0,0,0,0,0,0,0,0,0,0
npc_dota_hero_kunkka,kunkka_torrent,120,10,1500,225,-0.35,0,0,1.6,1.6,1,0,0,0,1.6,0,0,0,0,0,-0.35,0,0,0,0,0,0,0,0,0,0,300,300,0,0,0,0,0,0,0,0,0,0,0
npc_dota_hero_kunkka,kunkka_tidebringer,0,4,150,1100,0,0,0,0,0,0,0,0,0,0,0,0,0,0,0,0,0,0,0,0,0,0,0,0,0,0,0,0,100,0,0,0,0,0,0,0,0,0,0
npc_dota_hero_kunkka,kunkka_x_marks_the_spot,50,14,1000,0,0,0,0,0,0,0,0,0,0,0,0,0,0,4,0,0,0,0,0,0,0,0,0,0,0,0,0,0,0,0,0,0,0,0,0,0,0,0,0
npc_dota_hero_kunkka,kunkka_torrent_storm,250,70,0,1100,0,0,0,0,0,0,0,0,0,0,0,0,0,5,0,0,0,0,0,0,0,0,0,0,0,0,0,0,0,0,0,0,0,0,0,0,0,0,0
npc_dota_hero_kunkka,kunkka_ghostship,225,60,1000,425,0.1,0,0,1.4,1.4,1,0,0,0,3.1,0,0,0,0,0,0.1,0.4,0,0,0,0,0,0,0,0,0,600,600,0,0,0,0,0,0,0,0,0,0,0
npc_dota_hero_lina,lina_dragon_slave,145,8,800,275,0,0,0,0,0,0,0,0,0,0,0,0,0,0.6875,0,0,0,0,0,0,0,0,0,0,0,0,310,310,0,0,0,0,0,0,0,0,0,0,0
npc_dota_hero_lina,lina_light_strike_array,130,7,625,225,0,0,0,2.5,2.5,1,0,0,0,0.5,0,0,0,0,0,0,0,0,0,0,0,0,0,0,0,0,200,200,0,0,0,0,0,0,0,0,0,0,0
npc_dota_hero_lina,lina_fiery_soul,0,0,0,0,0.08,0,0,0,0,0,0,0,0,0,0,0,0,0,85,0.08,0,0,0,0,0,0,0,0,0,0,0,0,0,0,0,0,0,0,0,0,0,0,0
npc_dota_hero_lina,lina_laguna_blade,680,50,600,900,0,0,0,0,0,0,0,0,0,0,0,0,0,0,0,0,0,0,0,0,0,0,0,0,0,0,850,850,0,0,0,0,0,0,0,0,0,0,0
npc_dota_hero_lich,lich_frost_nova,190,7,600,200,-0.3,0,0,0,0,0,0,0,0,0,0,0,0,4,-30,-0.3,0,0,0,0,0,0,0,0,0,0,200,200,0,0,0,0,0,0,0,0,0,0,0
npc_dota_hero_lich,lich_frost_shield,130,15,1000,600,-0.35,0,0,0,0,0,0,0,0,0,0,0,0,6,0,0.35,0.6,0,0,0,0,0,0,0,0,0,50,50,0,0,0,0,0,0,0,0,0,0,0
npc_dota_hero_lich,lich_sinister_gaze,150,18,575,0,0,0,0,0,0,0,0,0,0.25,0,0,0,0,2.3,0,0,0,0,0,0,0,0,0,0,0,0,0,0,0,0,0,0,0,0,0,0,0,0,0
npc_dota_hero_lich,lich_chain_frost,500,60,750,600,-0.65,0,0,0,0,0,0,0,0,0,0,0,0,0,-65,-0.65,0,0,0,0,0,0,0,0,0,0,550,550,0,0,0,0,0,0,0,0,0,0,0
npc_dota_hero_lion,lion_impale,160,12,500,125,0,0,0,2.6,2.6,1,0,0,0,0,0,0,0,2.6,0,0,0,0,0,0,0,0,0,0,0,0,260,260,0,0,0,0,0,0,0,0,0,0,0
npc_dota_hero_lion,lion_voodoo,200,12,500,0,-0.53,4,1,0,0,0,0,0,0,0,0,0,0,4,0,-0.53,0,0,0,0,0,0,0,0,0,0,0,0,0,0,0,0,0,0,0,0,0,0,0
npc_dota_hero_lion,lion_mana_drain,10,4,850,0,-0.35,0,0,0,0,0,0,0,0,0,0,0,0,5,0,-0.35,0,0,0,0,0,0,0,0,0,0,0,0,0,0,0,0,0,0,0,0,0,0,0
npc_dota_hero_lion,lion_finger_of_death,650,40,900,0,0,0,0,0,0,0,0,0,0,0,0,0,0,0,0,0,0,0,0,0,0,0,0,0,0,0,850,850,0,0,0,0,0,0,0,0,0,0,0
npc_dota_hero_shadow_shaman,shadow_shaman_ether_shock,160,8,600,300,0,0,0,0,0,0,0,0,0,0,0,0,0,0,0,0,0,0,0,0,0,0,0,0,0,0,320,320,0,0,0,0,0,0,0,0,0,0,0
npc_dota_hero_shadow_shaman,shadow_shaman_voodoo,190,13,500,0,-0.66,3.5,1,0,0,0,0,0,0,0,0,0,0,3.5,0,-0.66,0,0,0,0,0,0,0,0,0,0,0,0,0,0,0,0,0,0,0,0,0,0,0
npc_dota_hero_shadow_shaman,shadow_shaman_shackles,170,10,400,0,0,0,0,0.1,5,1,0,0,0,0,0,0,0,0,0,0,0,0,0,0,0,0,0,0,0,0,0,0,0,0,0,0,0,0,0,0,0,0,0
npc_dota_hero_shadow_shaman,shadow_shaman_mass_serpent_ward,600,120,550,150,0,0,0,0,0,0,0,1,0,0,0,0,0,45,0,0,0,0,0,0,0,0,0,0,0,0,110,110,0,10,0,45,110,110,150,2,0.1,0,1200
npc_dota_hero_slardar,slardar_sprint,25,17,0,0,0.42,0,0,0,0,0,0,0,0,0,0,0,0,10,0,0.42,0,0,0,0,0,0,0,0,0,0,0,0,0,0,0,0,0,0,0,0,0,0,0
npc_dota_hero_slardar,slardar_slithereen_crush,115,8,0,350,0,0,0,1,1,1,0,0,0,0,0,0,0,0,-35,0,0,0,0,0,0,0,0,0,0,0,260,260,0,0,0,0,0,0,0,0,0,0,0
npc_dota_hero_slardar,slardar_bash,0,0,0,0,0,0,0,1.3,1.3,0.25,0,1,0,0,0,0,0,1.3,0,0,0,0,0,0,0,0,0,0,0,0,0,0,200,0,0,0,0,0,0,0,0,0,0
npc_dota_hero_slardar,slardar_amplify_damage,25,5,900,0,0,0,0,0,0,0,0,1,0,0,0,0,-18,18,0,0,0,0,0,0,0,0,0,0,0,0,0,0,0,0,0,0,0,0,0,0,0,0,0
npc_dota_hero_tidehunter,tidehunter_gush,120,12,700,0,-0.4,0,0,0,0,0,0,0,0,0,0,0,-7,4,0,-0.4,0,0,0,0,0,0,0,0,0,0,260,260,0,0,0,0,0,0,0,0,0,0,0
npc_dota_hero_tidehunter,tidehunter_kraken_shell,0,0,0,0,0,0,0,0,0,0,0,0,0,0,0,0,0,0,0,0,0,0,0,0,0,0,0,0,0,0,0,0,0,0,0,0,0,0,0,0,0,0,0
npc_dota_hero_tidehunter,tidehunter_anchor_smash,60,4,0,370,0,0,0,0,0,0,0,0,0,0,0,0,0,0,0,0,0,0,0,0,0,0,0,0,0,0,0,0,0,0,0,0,0,0,0,0,0,0,0
npc_dota_hero_tidehunter,tidehunter_ravage,325,150,0,1250,0,0,0,2.8,2.8,1,0,0,0,0,0,0,0,2.8,0,0,0,0,0,0,0,0,0,0,0,0,400,400,0,0,0,0,0,0,0,0,0,0,0
npc_dota_hero_witch_doctor,witch_doctor_paralyzing_cask,140,14,700,575,0,0,0,1,1,1,0,0,0,0,0,0,0,1,0,0,0,0,0,0,0,0,0,0,0,0,150,150,0,0,0,0,0,0,0,0,0,0,0
npc_dota_hero_witch_doctor,witch_doctor_voodoo_restoration,50,0,0,500,0,0,0,0,0,0,0,0,0,0,0,0,0,0,0,0,0,1500,0,0,0,0,0,0,0,0,0,0,0,0,0,0,0,0,0,0,0,0,0
npc_dota_hero_witch_doctor,witch_doctor_maledict,120,18,575,180,0,0,0,0,0,0,0,0,0,0,0,0,0,12,0,0,0,0,0,0,0,0,0,0,0,4,28,634.8,0,0,0,0,0,0,0,0,0,0,0
npc_dota_hero_witch_doctor,witch_doctor_death_ward,200,80,600,0,0,0,0,0,0,0,0,1,0,0,0,0,0,0,0,0,0,0,0,0,0,0,0,0,185,0.22,0,0,0,0,0,0,0,0,0,0,0,0,0
npc_dota_hero_riki,riki_smoke_screen,90,11,550,370,0,6,1,0,0,0,0,0,0,0,0,0,0,6,0,0,0,0,0,0,0,0,0,0.55,0,0,0,0,0,0,0,0,0,0,0,0,0,0,0
npc_dota_hero_riki,riki_blink_strike,50,0.1,900,0,0,0,0,0,0,0,0,1,0,0,0,0,0,0,0,0,0,0,0,0,0,0,0,0,0,0,100,100,0,0,0,0,0,0,0,0,0,0,0
npc_dota_hero_riki,riki_tricks_of_the_trade,50,12,400,450,0,0,0,0,0,0,0,1,0,0,0,0,0,0,0,0,1,0,0,1,1,0,0,0,0,0,50,400,0,0,0,0,0,0,0,0,0,0,0
npc_dota_hero_riki,riki_backstab,0,0,0,0,0,0,0,0,0,0,0,1,0,0,0,0,0,0,0,0,0,0,0,0,0,60,0,0,0,0,0,0,88.88,0,0,0,0,0,0,0,0,0,0
npc_dota_hero_enigma,enigma_malefice,160,15,600,0,0,0,0,1,1,1,0,0,0,0,0,0,0,4,0,0,0,0,0,0,0,0,0,0,0,0,105,105,0,0,0,0,0,0,0,0,0,0,0
npc_dota_hero_enigma,enigma_demonic_conversion,170,35,700,0,0,0,0,0,0,0,0,0,0,0,0,0,0,35,0,0,0,0,0,0,0,0,0,0,0,0,0,0,0,3,5,35,43,51,150,240,1,370,1200
npc_dota_hero_enigma,enigma_midnight_pulse,140,35,700,550,0,0,0,0,0,0,0,1,0,0,0,0,0,12,0,0,0,0,0,0,0,0,0,0,42,1,0,0,0,0,0,0,0,0,0,0,0,0,0
npc_dota_hero_enigma,enigma_black_hole,500,160,275,420,0,0,0,12,12,1,0,1,0,0,0,0,0,4,0,0,0,0,0,0,0,0,0,0,200,1,0,0,0,0,0,0,0,0,0,0,0,0,0
npc_dota_hero_tinker,tinker_laser,170,14,650,0,0,0,0,0,0,0,0,0,0,0,0,0,0,4.5,0,0,0,0,0,0,0,0,0,1,0,0,320,320,0,0,0,0,0,0,0,0,0,0,0
npc_dota_hero_tinker,tinker_heat_seeking_missile,140,18,0,2500,0,0,0,0,0,0,0,0,0,0,0,0,0,0,0,0,0,0,0,0,0,0,0,0,0,0,350,350,0,0,0,0,0,0,0,0,0,0,0
npc_dota_hero_tinker,tinker_march_of_the_machines,190,35,300,900,0,0,0,0,0,0,0,0,0,0,0,0,0,6,0,0,0,0,0,0,0,0,0,0,40,0.5,0,0,0,0,0,0,0,0,0,0,0,0,0
npc_dota_hero_tinker,tinker_rearm,300,0,0,0,0,0,0,0,0,0,0,0,0,0,0,0,0,0,0,0,0,0,0,0,0,0,0,0,0,0,0,0,0,0,0,0,0,0,0,0,0,0,0
npc_dota_hero_sniper,sniper_shrapnel,50,0,1800,450,-0.3,0,0,0,0,0,0,0,0,0,0,0,0,10,0,-0.3,0,0,0,0,0,0,0,0,65,1,0,0,0,0,0,0,0,0,0,0,0,0,0
npc_dota_hero_sniper,sniper_headshot,0,0,0,0,-1,0,0,0,0,0,0,0,0,0,0,0,0,0,0,0,0,0,0,0,0,0,0,0,0,0,0,0,110,0,0,0,0,0,0,0,0,0,0
npc_dota_hero_sniper,sniper_take_aim,30,6,0,0,0,0,0,0,0,0,0,0,0,0,0,0,0,0,0,0,0,0,0,0,0,0,0,0,0,0,0,0,0,0,0,0,0,0,0,0,0,0,0
npc_dota_hero_sniper,sniper_assassinate,275,10,3000,0,0,0,0,0,0,0,0,0,0,0,0,0,0,0,0,0,0,0,0,0,0,0,0,0,0,0,650,650,0,0,0,0,0,0,0,0,0,0,0
npc_dota_hero_necrolyte,necrolyte_death_pulse,190,5,0,500,0,0,0,0,0,0,0,0,0,0,0,0,0,0,0,0,0,480,120,0,0,0,0,0,0,0,250,250,0,0,0,0,0,0,0,0,0,0,0
npc_dota_hero_necrolyte,necrolyte_sadist,50,16,0,750,-0.24,0,0,0,0,0,0,0,0,0,0,0,0,4.5,0,0.24,0,0,0,0,-0.4,0,0,0,0,0,0,0,-0.4,0,0,0,0,0,0,0,0,0,0
npc_dota_hero_necrolyte,necrolyte_heartstopper_aura,0,0,0,800,0,0,0,0,0,0,0,0,0,0,6.5,6.5,0,0,0,0,0,0,0,0,0,0,0,0,24,1,0,0,0,0,0,0,0,0,0,0,0,0,0
npc_dota_hero_necrolyte,necrolyte_reapers_scythe,500,120,600,0,0,0,0,1.5,1.5,1,0,0,0,0,0,0,0,0,0,0,0,0,0,0,0,0,0,0,0,0,50,5000,0,0,0,0,0,0,0,0,0,0,0
npc_dota_hero_warlock,warlock_fatal_bonds,140,18,1000,700,0,0,0,0,0,0,0,0,0,0,0,0,0,25,0,0,0,0,0,0,0,0,0,0,0,0,10,240,0,0,0,0,0,0,0,0,0,0,0
npc_dota_hero_warlock,warlock_shadow_word,150,14,900,0,0,0,0,0,0,0,0,0,0,0,0,0,0,12,0,0,0,540,0,0,0,0,0,0,0,0,45,45,0,0,0,0,0,0,0,0,0,0,0
npc_dota_hero_warlock,warlock_upheaval,130,38,1200,650,-0.84,0,0,0,0,0,0,0,0,0,0,0,0,3,0,0,0,0,0,0,0,0,0,0,0,0,0,0,0,0,0,0,0,0,0,0,0,0,0
npc_dota_hero_warlock,warlock_rain_of_chaos,500,170,1200,600,0,0,0,1,1,1,0,1,0,0,0,0,0,0,0,0,0,0,0,0,0,0,0,0,0,0,0,0,0,1,12,60,190,210,120,3000,1,360,1800
npc_dota_hero_beastmaster,beastmaster_wild_axes,95,8,1500,175,0,0,0,0,0,0,0,0,0,0,0,0,0,12,0,0,0,0,0,0,0,0,0,0,0,0,240,240,0,0,0,0,0,0,0,0,0,0,0
npc_dota_hero_beastmaster,beastmaster_call_of_the_wild_boar,50,30,0,0,0,0,0,0,0,0,0,0,0,0,0,0,0,60,0,0,0,0,0,0,0,0,0,0,0,0,0,0,0,1,0,60,64,64,125,750,1,350,1400
npc_dota_hero_beastmaster,beastmaster_call_of_the_wild_hawk,30,30,0,0,0,0,0,0,0,0,0,0,0,0,0,0,0,60,0,0,0,0,0,0,0,0,0,0,0,0,0,0,0,1,0,60,0,0,0,300,1,420,900
npc_dota_hero_beastmaster,beastmaster_inner_beast,0,0,0,1200,0,0,0,0,0,0,0,0,0,0,0,0,0,0,40,0,0,0,0,0,0,0,0,0,0,0,0,0,0,0,0,0,0,0,0,0,0,0,0
npc_dota_hero_beastmaster,beastmaster_primal_roar,200,70,600,300,-0.6,0,0,4,4,1,0,1,0,0,0,0,0,4,-60,-0.6,0,0,0,0,0,0,0,0,0,0,300,300,0,0,0,0,0,0,0,0,0,0,0
npc_dota_hero_queenofpain,queenofpain_shadow_strike,110,4,600,0,-0.65,0,0,0,0,0,0,0,0,0,0,0,0,15,0,-0.65,0,0,0,0,0,0,0,0,0,0,125,570,0,0,0,0,0,0,0,0,0,0,0
npc_dota_hero_queenofpain,queenofpain_blink,60,6,1300,0,0,0,0,0,0,0,0,0,0,0,0,0,0,0,0,0,0,0,0,0,0,0,0,0,0,0,0,0,0,0,0,0,0,0,0,0,0,0,0
npc_dota_hero_queenofpain,queenofpain_scream_of_pain,140,7,0,525,0,0,0,0,0,0,0,0,0,0,0,0,0,0,0,0,0,0,0,0,0,0,0,0,0,0,300,300,0,0,0,0,0,0,0,0,0,0,0
npc_dota_hero_queenofpain,queenofpain_sonic_wave,500,125,700,450,0,0,0,0,0,0,0,1,0,0,0,0,0,0,0,0,0,0,0,0,0,0,0,0,0,0,560,560,0,0,0,0,0,0,0,0,0,0,0
npc_dota_hero_venomancer,venomancer_venomous_gale,125,18,800,125,-0.5,0,0,0,0,0,0,0,0,0,0,0,0,15,0,-0.5,0,0,0,0,0,0,0,0,105,3,0,0,0,0,0,0,0,0,0,0,0,0,0
npc_dota_hero_venomancer,venomancer_poison_sting,0,0,0,0,-0.15,0,0,0,0,0,0,0,0,0,0,0,0,15,0,-0.17,0,0,0,0,0,0,0,0,0,0,24,24,0,0,0,0,0,0,0,0,0,0,0
npc_dota_hero_venomancer,venomancer_plague_ward,20,5,850,0,0,0,0,0,0,0,0,1,0,0,0,0,0,40,0,0,0,0,0,0,0,0,0,0,0,0,80,80,0,1,0,40,39,41,140,450,1,0,800
npc_dota_hero_venomancer,venomancer_poison_nova,400,100,0,255,0,0,0,0,0,0,0,0,0,0,0,0,0,18,0,0,0,0,0,0,0,0,0,0,0,0,90,90,0,0,0,0,0,0,0,0,0,0,0
npc_dota_hero_faceless_void,faceless_void_time_walk,40,6,675,0,0,0,0,0,0,0,0,0,0,0,0,0,0,0,0,0,1,0,0,1,1,0,0,0,0,0,0,0,0,0,0,0,0,0,0,0,0,0,0
npc_dota_hero_faceless_void,faceless_void_time_dilation,75,22,0,775,0,0,0,0,0,0,0,0,0,0,0,0,0,14,0,0,0,0,0,0,0,0,0,0,0,0,0,0,0,0,0,0,0,0,0,0,0,0,0
npc_dota_hero_faceless_void,faceless_void_time_lock,0,0,0,0,0,0,0,0.65,0.65,0.24,0,1,0,0.65,0,0,0,0.65,0,0,0,0,0,0,0,0,0,0,0,0,0,0,40,0,0,0,0,0,0,0,0,0,0
npc_dota_hero_faceless_void,faceless_void_chronosphere,300,160,600,450,1,0,0,5,5,1,0,1,0,0,0,0,0,5,0,0,0,0,0,0,0,0,0,0,0,0,0,0,0,0,0,0,0,0,0,0,0,0,0
npc_dota_hero_skeleton_king,skeleton_king_hellfire_blast,140,8,525,0,-0.2,0,0,2,2,1,0,0,0,0,0,0,0,0,0,-0.2,0,0,0,0,0,0,0,0,0,0,100,100,0,0,0,0,0,0,0,0,0,0,0
npc_dota_hero_skeleton_king,skeleton_king_vampiric_aura,0,0,0,1200,0,0,0,0,0,0,0,0,0,0,0,0,0,0,0,0,0,0,0,0,0,0,0.32,0,0,0,90,240,0,0,0,0,0,0,0,0,0,0,0
npc_dota_hero_skeleton_king,skeleton_king_mortal_strike,80,50,0,0,0,0,0,0,0,0,0,0,0,0,0,0,0,0,0,0,0,0,0,0,0,0,0,0,0,0,0,0,0,3,1,60,35,40,120,175,1,350,800
npc_dota_hero_skeleton_king,skeleton_king_reincarnation,160,40,0,900,-0.75,0,0,2,2,1,0,0,0,0,0,0,0,0,-75,-0.75,0,0,0,0,0,0,0,0,0,0,100,100,0,0,0,0,0,0,0,0,0,0,0
npc_dota_hero_death_prophet,death_prophet_carrion_swarm,160,5,600,300,0,0,0,0,0,0,0,0,0,0,0,0,0,0,0,0,0,0,0,0,0,0,0,0,0,0,300,300,0,0,0,0,0,0,0,0,0,0,0
npc_dota_hero_death_prophet,death_prophet_silence,110,12,900,425,0,6,1,0,0,0,0,0,0,0,0,0,0,6,0,0,0,0,0,0,0,0,0,0,0,0,0,0,0,0,0,0,0,0,0,0,0,0,0
npc_dota_hero_death_prophet,death_prophet_spirit_siphon,80,0,500,0,0,0,0,0,0,0,0,0,0,0,0,0,0,0,0,0,0,0,475.2,0,0,0,1,0,50,1,14,14,0,0,0,0,0,0,0,0,0,0,0
npc_dota_hero_death_prophet,death_prophet_exorcism,450,145,0,1200,0,0,0,0,0,0,0,1,0,0,0,0,0,35,0,0,0,0,1500,0,0,0,1,0,0,0,59,1536,0,0,0,0,0,0,0,0,0,0,0
npc_dota_hero_phantom_assassin,phantom_assassin_stifling_dagger,30,6,1200,0,-0.5,0,0,0,0,0,0,1,0,0,0,0,0,4,0,-0.5,0,0,0,0,0,0,0,0,0,0,38.5,38.5,0,0,0,0,0,0,0,0,0,0,0
npc_dota_hero_phantom_assassin,phantom_assassin_phantom_strike,50,5,1000,0,0,0,0,0,0,0,0,1,0,0,0,0,0,2,175,0,0,0,0,0,0,0,0,0,0,0,0,0,0,0,0,0,0,0,0,0,0,0,0
npc_dota_hero_phantom_assassin,phantom_assassin_blur,50,45,0,0,0,0,0,0,0,0,0,0,0,0,0,0,0,25,0,0,0,0,0,0,0,0,0,0.5,0,0,0,0,0,0,0,0,0,0,0,0,0,0,0
npc_dota_hero_phantom_assassin,phantom_assassin_coup_de_grace,0,0,0,0,0,0,0,0,0,0,0,1,0,0,0,0,0,0,0,0,0,0,0,0,0,0,0,0,0,0,0,0,612,0,0,0,0,0,0,0,0,0,0
npc_dota_hero_pugna,pugna_nether_blast,145,5,400,400,0,0,0,0,0,0,0,0,0,0.9,0,0,0,0,0,0,0,0,0,0,0,0,0,0,0,0,325,325,0,0,0,0,0,0,0,0,0,0,0
npc_dota_hero_pugna,pugna_decrepify,60,6,700,0,-0.6,0,0,0,0,0,0,0,0,0,0,0,0,3.5,0,-0.6,0,0,0,0,-0.6,0,0,0,0,0,0,0,0,0,0,0,0,0,0,0,0,0,0
npc_dota_hero_pugna,pugna_nether_ward,80,35,150,0,0,0,0,0,0,0,0,0,0,0,0,0.012,0,30,0,0,0,0,0,0,0,0,0,0,0,0,0,0,0,1,0,30,50,600,100,4,0.1,0,600
npc_dota_hero_pugna,pugna_life_drain,225,7,700,0,0,0,0,0,0,0,0,0,0,0,0,0,0,0,0,0,0,0,1500,0,0,0,1,0,300,1,0,0,0,0,0,0,0,0,0,0,0,0,0
npc_dota_hero_templar_assassin,templar_assassin_refraction,100,17,0,0,0,0,0,0,0,0,0,1,0,0,0,0,0,17,0,0,1,0,0,0,0,0,0,0,0,0,0,0,100,0,0,0,0,0,0,0,0,0,0
npc_dota_hero_templar_assassin,templar_assassin_meld,50,6,0,0,0,0,0,0,0,0,0,1,0,0,0,0,-8,12,0,0,0,0,0,0,0,60,0,0,0,0,0,0,200,0,0,0,0,0,0,0,0,0,0
npc_dota_hero_templar_assassin,templar_assassin_psi_blades,0,0,0,710,0,0,0,0,0,0,0,1,0,0,0,0,0,0,0,0,0,0,0,0,0,0,0,0,0,0,0,0,240,0,0,0,0,0,0,0,0,0,0
npc_dota_hero_templar_assassin,templar_assassin_trap,0,0.5,2000,0,0,0,0,0,0,0,0,0,0,0,0,0,0,5,0,0,0,0,0,0,0,0,0,0,70,1,0,0,0,0,0,0,0,0,0,0,0,0,0
npc_dota_hero_templar_assassin,templar_assassin_trap_teleport,100,15,10000,0,0,0,0,0,0,0,0,0,0,0,0,0,0,5,0,0,0,0,0,0,0,0,0,0,0,0,0,0,0,0,0,0,0,0,0,0,0,0,0
npc_dota_hero_templar_assassin,templar_assassin_psionic_trap,15,5,0,0,0,0,0,0,0,0,0,0,0,0,0,0,0,0,0,0,0,0,0,0,0,0,0,0,0,0,0,0,0,0,0,0,0,0,0,0,0,0,0
npc_dota_hero_viper,viper_poison_attack,25,0,720,0,-0.12,0,0,0,0,0,0,0,0,0,0,0,0,4,0,0.12,0,0,0,0,0,0,0,0,16,1,0,0,0,0,0,0,0,0,0,0,0,0,0
npc_dota_hero_viper,viper_nethertoxin,100,14,900,400,0,0,0,0,0,0,0,0,0,0,0,0,0,8,0,0,0,0,0,0,0,0,0,0,70,0.5,0,0,0,0,0,0,0,0,0,0,0,0,0
npc_dota_hero_viper,viper_corrosive_skin,0,0,0,1400,0,0,0,0,0,0,0,0,0,0,0,0,0,4,32,0,0,0,0,0,0.32,0,0,0,32,1,0,0,0,0,0,0,0,0,0,0,0,0,0
npc_dota_hero_viper,viper_viper_strike,250,30,500,0,-0.8,0,0,0,0,0,0,1,0,0,0,0,0,5,-80,-0.8,0,0,0,0,0,0,0,0,160,1,0,0,0,0,0,0,0,0,0,0,0,0,0
npc_dota_hero_luna,luna_lucent_beam,120,6,800,0,0,0,0,0.8,0.8,1,0,0,0,0,0,0,0,0,0,0,0,0,0,0,0,0,0,0,0,0,300,300,0,0,0,0,0,0,0,0,0,0,0
npc_dota_hero_luna,luna_moon_glaive,0,0,0,500,0,0,0,0,0,0,0,1,0,0,0,0,0,0,0,0,0,0,0,0,0,0,0,0,0,0,0,0,0,0,0,0,0,0,0,0,0,0,0
npc_dota_hero_luna,luna_lunar_blessing,0,0,0,1200,0,0,0,0,0,0,0,0,0,0,0,0,0,0,0,0,0,0,0,0,0,0,0,0,0,0,0,0,18.4,0,0,0,0,0,0,0,0,0,0
npc_dota_hero_luna,luna_eclipse,250,140,0,675,0,0,0,0,0,0,0,0,0,0,0,0,0,6,0,0,0,0,0,0,0,0,0,0,0,0,375,1500,0,0,0,0,0,0,0,0,0,0,0
npc_dota_hero_dragon_knight,dragon_knight_breathe_fire,130,11,600,250,0,0,0,0,0,0,0,0,0,0,0,0,0,11,0,0,0,0,0,0,0,0,0,0,0,0,300,300,0,0,0,0,0,0,0,0,0,0,0
npc_dota_hero_dragon_knight,dragon_knight_dragon_tail,100,9,150,0,0,0,0,3.25,3.25,1,0,0,0,0,0,0,0,0,0,0,0,0,0,0,0,0,0,0,0,0,100,100,0,0,0,0,0,0,0,0,0,0,0
npc_dota_hero_dragon_knight,dragon_knight_dragon_blood,0,0,0,0,0,0,0,0,0,0,0,0,0,0,16,0,12,0,0,0,0,0,0,0,0,0,0,0,0,0,0,0,0,0,0,0,0,0,0,0,0,0,0
npc_dota_hero_dragon_knight,dragon_knight_elder_dragon_form,50,115,0,0,-0.4,0,0,0,0,0,0,0,0,0,0,0,0,60,-60,0.08,0,0,0,0,0,0,0,0,0,0,0,0,100,0,0,0,0,0,0,0,0,0,0
npc_dota_hero_dazzle,dazzle_poison_touch,140,18,800,300,-0.2,0,0,0,0,0,0,0,0,0,0,0,0,7,0,0,0,0,0,0,0,0,0,0,52,1,0,0,0,0,0,0,0,0,0,0,0,0,0
npc_dota_hero_dazzle,dazzle_shallow_grave,150,18,1000,0,0,0,0,0,0,0,0,0,0,0,0,0,0,5,0,0,0,0,0,0,0,0,0,0,0,0,140,140,0,0,0,0,0,0,0,0,0,0,0
npc_dota_hero_dazzle,dazzle_shadow_wave,120,8,800,0,0,0,0,0,0,0,0,1,0,0,0,0,0,0,0,0,0,980,0,0,0,0,0,0,0,0,140,980,0,0,0,0,0,0,0,0,0,0,0
npc_dota_hero_dazzle,dazzle_bad_juju,0,0,0,1200,0,0,0,0,0,0,0,0,0,0,0,0,-2.5,8,0,0,0,0,0,0,0,0,0,0,0,0,0,0,0,0,0,0,0,0,0,0,0,0,0
npc_dota_hero_rattletrap,rattletrap_battery_assault,100,18,0,275,0,0,0,0.1,0.1,1,0,0,0,0,0,0,0,10.5,0,0,0,0,0,0,0,0,0,0,95,0.7,0,0,0,0,0,0,0,0,0,0,0,0,0
npc_dota_hero_rattletrap,rattletrap_power_cogs,80,15,0,185,0,0,0,0,0,0,8,0,140,0,0,0,0,8,0,0,0,0,0,0,0,0,0,0,0,0,275,275,0,0,0,0,0,0,0,0,0,0,0
npc_dota_hero_rattletrap,rattletrap_rocket_flare,50,14,10000,600,0,0,0,0,0,0,0,0,0,0,0,0,0,10,0,0,0,0,0,0,0,0,0,0,0,0,200,200,0,0,0,0,0,0,0,0,0,0,0
npc_dota_hero_rattletrap,rattletrap_overclocking,150,60,0,0,0.4,0,0,0,0,0,0,0,0,0,0,0,0,0,200,0.4,0,0,0,0,0,0,0,0,0,0,0,0,0,0,0,0,0,0,0,0,0,0,0
npc_dota_hero_rattletrap,rattletrap_hookshot,150,30,3000,125,0,0,0,2,2,1,0,1,0,0,0,0,0,2,0,0,0,0,0,0,0,0,0,0,0,0,275,275,0,0,0,0,0,0,0,0,0,0,0
npc_dota_hero_leshrac,leshrac_split_earth,140,9,650,225,0,0,0,2,2,1,0,0,0,0.35,0,0,0,2,0,0,0,0,0,0,0,0,0,0,0,0,300,300,0,0,0,0,0,0,0,0,0,0,0
npc_dota_hero_leshrac,leshrac_diabolic_edict,155,22,0,500,0,0,0,0,0,0,0,1,0,0,0,0,0,10,0,0,0,0,0,0,0,0,0,0,44,0.25,0,0,0,0,0,0,0,0,0,0,0,0,0
npc_dota_hero_leshrac,leshrac_lightning_storm,140,4,650,475,-0.75,0,0,0,0,0,0,0,0,0,0,0,0,0,0,-0.75,0,0,0,0,0,0,0,0,210,0.25,0,0,0,0,0,0,0,0,0,0,0,0,0
npc_dota_hero_leshrac,leshrac_pulse_nova,70,1,0,475,0,0,0,0,0,0,0,0,0,0,0,0,0,0,0,0,0,0,0,0,0,0,0,0,200,1,0,0,0,0,0,0,0,0,0,0,0,0,0
npc_dota_hero_furion,furion_sprout,130,8,850,150,0,0,0,0,0,0,6,0,0,0,0,0,0,6,0,0,0,0,0,0,0,0,0,0,0,0,0,0,0,0,0,0,0,0,0,0,0,0,0
npc_dota_hero_furion,furion_teleportation,50,20,10000,0,0,0,0,0,0,0,0,0,0,0,0,0,0,0,0,0,0,0,0,0,0,0,0,0,0,0,0,0,0,0,0,0,0,0,0,0,0,0,0
npc_dota_hero_furion,furion_force_of_nature,160,37,750,375,0,0,0,0,0,0,0,0,0,0,0,0,0,60,0,0,0,0,0,0,0,0,0,0,0,0,0,0,0,5,0,60,34,38,175,550,1,325,500
npc_dota_hero_furion,furion_wrath_of_nature,275,85,10000,0,0,0,0,0,0,0,0,0,0,0,0,0,0,0,0,0,0,0,0,0,0,0,0,0,0,0,170,1002.1,0,0,0,0,0,0,0,0,0,0,0
npc_dota_hero_life_stealer,life_stealer_rage,75,18,0,0,0.15,0,0,0,0,0,0,0,0,0,0,0,0,6,0,0.15,0,0,0,1,1,0,0,0,0,0,0,0,0,0,0,0,0,0,0,0,0,0,0
npc_dota_hero_life_stealer,life_stealer_feast,0,0,0,0,0,0,0,0,0,0,0,1,0,0,0,0,0,0,60,0,0,0,0,0,0,0,0.03,0,0,0,0,0,0,0,0,0,0,0,0,0,0,0,0
npc_dota_hero_life_stealer,life_stealer_open_wounds,140,12,500,0,-0.7,0,0,0,0,0,0,0,0,0,0,0,0,8,0,0,0,0,0,0,0,0,0.35,0,0,0,0,0,0,0,0,0,0,0,0,0,0,0,0
npc_dota_hero_life_stealer,life_stealer_infest,50,50,150,0,0.25,0,0,0,0,0,0,0,0,0,5,0,0,0,0,0.25,1,0,0,1,1,0,0,0,0,0,400,400,0,0,0,0,0,0,0,0,0,0,0
npc_dota_hero_dark_seer,dark_seer_vacuum,190,30,600,550,0,0,0,0.6,0.6,1,0,0,0,0,0,0,0,0.6,0,0,0,0,0,0,0,0,0,0,0,0,200,200,0,0,0,0,0,0,0,0,0,0,0
npc_dota_hero_dark_seer,dark_seer_ion_shell,130,9,600,250,0,0,0,0,0,0,0,0,0,0,0,0,0,25,0,0,0,0,0,0,0,0,0,0,90,1,0,0,0,0,0,0,0,0,0,0,0,0,0
npc_dota_hero_dark_seer,dark_seer_surge,50,10,600,0,0.9,0,0,0,0,0,0,0,0,0,0,0,0,6,0,0.16,0,0,0,0,0,0,0,0,0,0,0,0,0,0,0,0,0,0,0,0,0,0,0
npc_dota_hero_dark_seer,dark_seer_wall_of_replica,375,100,1300,1300,-0.7,0,0,0,0,0,0,1,0,0,0,0,0,45,0,0,0,0,0,0,0,0,0,0,0,0,600,600,0,5,2,45,97,103,84,1460,2,295,1800
npc_dota_hero_clinkz,clinkz_death_pact,60,90,0,0,0,0,0,0,0,0,0,0,0,0,0,0,-5,55,0,0,0,0,0,0,0,0,0,0,0,0,0,0,0,0,0,0,0,0,0,0,0,0,0
npc_dota_hero_clinkz,clinkz_searing_arrows,12,0,625,0,0,0,0,0,0,0,0,1,0,0,0,0,0,0,0,0,0,0,0,0,0,0,0,0,0,0,0,0,60,0,0,0,0,0,0,0,0,0,0
npc_dota_hero_clinkz,clinkz_wind_walk,75,17,0,0,0.45,0,0,0,0,0,0,0,0,0,0,0,0,35,160,0.45,0,0,0,0,0,40,0,0,0,0,0,0,0,0,0,0,0,0,0,0,0,0,0
npc_dota_hero_clinkz,clinkz_burning_army,225,110,900,0,0,0,0,0,0,0,0,0,0,0,0,0,0,20,0,0,0,0,0,0,0,0,0,0,0,0,800,800,0,0,0,0,0,0,0,0,0,0,0
npc_dota_hero_omniknight,omniknight_purification,130,12,550,260,0,0,0,0,0,0,0,0,0,0,0,0,0,0,0,0,0,300,0,0,0,0,0,0,0,0,300,300,0,0,0,0,0,0,0,0,0,0,0
npc_dota_hero_omniknight,omniknight_repel,110,14,500,0,0,0,0,0,0,0,0,0,0,0,22.8,0,0,12,0,0,0,560,0,0.5,0,0,0,0,0,0,0,0,0,0,0,0,0,0,0,0,0,0,0
npc_dota_hero_omniknight,omniknight_degen_aura,0,0,0,370,-0.34,0,0,0,0,0,0,0,0,0,0,0,0,0,0,0.34,0,0,0,0,0,0,0,0,0,0,0,0,0,0,0,0,0,0,0,0,0,0,0
npc_dota_hero_omniknight,omniknight_guardian_angel,250,140,1200,0,0,0,0,0,0,0,0,0,0,0,0,0,0,8,0,0,0.5,0,0,0,0,0,0,0,0,0,0,0,0,0,0,0,0,0,0,0,0,0,0
npc_dota_hero_enchantress,enchantress_impetus,65,0,575,0,0,0,0,0,0,0,0,0,0,0,0,0,0,1.5,0,0,0,0,0,0,0,0,0,0,0,0,0,0,350,0,0,0,0,0,0,0,0,0,0
npc_dota_hero_enchantress,enchantress_enchant,70,20,700,0,-0.55,0,0,0,0,0,0,0,0,0,0,0,0,6,0,-0.55,0,0,0,0,0,0,0,0,0,0,70,70,0,1,8,120,165,175,150,1200,1,325,750
npc_dota_hero_enchantress,enchantress_natures_attendants,140,35,0,275,0,0,0,0,0,0,0,0,0,0,0,0,0,11,0,0,0,1430,0,0,0,0,0,0,0,0,0,0,0,0,0,0,0,0,0,0,0,0,0
npc_dota_hero_enchantress,enchantress_bunny_hop,50,3,0,0,0,0,0,0,0,0,0,0,0,0,0,0,0,0,0,0,0,0,0,0,0,0,0,0,0,0,0,0,0,0,0,0,0,0,0,0,0,0,0
npc_dota_hero_enchantress,enchantress_untouchable,0,0,0,0,0,0,0,0,0,0,0,1,0,0,0,0,0,0,-180,0,0,0,0,0,0,0,0,0,0,0,0,0,0,0,0,0,0,0,0,0,0,0,0
npc_dota_hero_huskar,huskar_inner_fire,150,11,0,500,0,0,0,0,0,0,0,0,0,0,0,0,0,0,0,0,0,0,0,0,0,0,0,0,0,0,310,310,0,0,0,0,0,0,0,0,0,0,0
npc_dota_hero_huskar,huskar_burning_spear,0,0,450,0,0,0,0,0,0,0,0,0,0,0,0,0,0,8,0,0,0,0,0,0,0,0,0,0,0,0,0,0,160,0,0,0,0,0,0,0,0,0,0
npc_dota_hero_huskar,huskar_berserkers_blood,0,0,0,0,0,0,0,0,0,0,0,0,0,0,0,0,0,0,0,0,0,0,0,0,0,0,0,0,0,0,0,0,0,0,0,0,0,0,0,0,0,0,0
npc_dota_hero_huskar,huskar_life_break,0,12,550,0,-0.6,0,0,0,0,0,0,1,0,0,0,0,0,5,0,-0.6,0,0,0,0,0,0,0,0,0,0,0,0,0,0,0,0,0,0,0,0,0,0,0
npc_dota_hero_night_stalker,night_stalker_void,110,8,525,0,-0.5,0,0,0,0,0,0,0,0,0,0,0,0,0,-50,-0.5,0,0,0,0,0,0,0,0,0,0,320,320,0,0,0,0,0,0,0,0,0,0,0
npc_dota_hero_night_stalker,night_stalker_crippling_fear,50,15,0,375,0,7,1,0,0,0,0,0,0,0,0,0,0,0,0,0,0,0,0,0,0,0,0,0,0,0,0,0,0,0,0,0,0,0,0,0,0,0,0
npc_dota_hero_night_stalker,night_stalker_hunter_in_the_night,0,0,0,0,0.4,0,0,0,0,0,0,0,0,0,0,0,0,0,80,0.4,0,0,0,0,0,0,0,0,0,0,0,0,0,0,0,0,0,0,0,0,0,0,0
npc_dota_hero_night_stalker,night_stalker_darkness,225,120,0,0,0,0,0,0,0,0,0,0,0,0,0,0,0,30,0,0,0,0,0,0,0,0,0,0,0,0,0,0,150,0,0,0,0,0,0,0,0,0,0
npc_dota_hero_broodmother,broodmother_spawn_spiderlings,100,8,700,0,0,0,0,0,0,0,0,0,0,0,0,0,0,60,0,0,0,0,0,0,0,0,0,0,0,0,280,280,0,0,0,0,0,0,0,0,0,0,0
npc_dota_hero_broodmother,broodmother_spin_web,50,0,1000,900,0.65,0,0,0,0,0,0,0,0,0,9,0,0,0,0,0.65,0,0,0,0,0,0,0,0,0,0,0,0,0,0,0,0,0,0,0,0,0,0,0
npc_dota_hero_broodmother,broodmother_incapacitating_bite,0,0,0,0,-0.46,0,0,0,0,0,0,0,0,0,0,0,0,2,0,-0.46,0,0,0,0,0,0,0,0.6,0,0,0,0,0,0,0,0,0,0,0,0,0,0,0
npc_dota_hero_broodmother,broodmother_insatiable_hunger,10,45,0,0,0,0,0,0,0,0,0,0,0,0,0,0,0,14,0,0,0,0,0,0,0,0,0,0,0,0,0,0,140,0,0,0,0,0,0,0,0,0,0
npc_dota_hero_bounty_hunter,bounty_hunter_shuriken_toss,135,8,400,0,0,0,0,0.1,0.1,1,0,0,0,0,0,0,0,0,0,0,0,0,0,0,0,0,0,0,0,0,375,375,0,0,0,0,0,0,0,0,0,0,0
npc_dota_hero_bounty_hunter,bounty_hunter_jinada,0,3,0,0,0,0,0,0,0,0,0,1,0,0,0,0,0,0,0,0,0,0,0,0,0,0,0,0,0,0,0,0,160,0,0,0,0,0,0,0,0,0,0
npc_dota_hero_bounty_hunter,bounty_hunter_wind_walk,65,15,0,0,0,0,0,0,0,0,0,1,0,0,0,0,0,35,0,0,0,0,0,0,0,35,0,0,0,0,0,0,0,0,0,0,0,0,0,0,0,0,0
npc_dota_hero_bounty_hunter,bounty_hunter_track,65,4,1000,0,0.24,0,0,0,0,0,0,1,0,0,0,0,0,30,0,0.24,0,0,0,0,0,0,0,0,0,0,0,0,0,0,0,0,0,0,0,0,0,0,0
npc_dota_hero_weaver,weaver_the_swarm,110,20,3000,300,0,0,0,0,0,0,0,0,0,0,0,0,-1,16,0,0,0,0,0,0,0,0,0,0,0,0,24,24,0,0,0,0,0,0,0,0,0,0,0
npc_dota_hero_weaver,weaver_shukuchi,70,6,0,175,0,0,0,0,0,0,0,0,0,0,0,0,0,4,0,0,0,0,0,0,0,4,0,0,0,0,175,175,0,0,0,0,0,0,0,0,0,0,0
npc_dota_hero_weaver,weaver_geminate_attack,0,3,600,0,0,0,0,0,0,0,0,1,0,0.25,0,0,0,0,0,0,0,0,0,0,0,0,0,0,0,0,0,0,55,0,0,0,0,0,0,0,0,0,0
npc_dota_hero_weaver,weaver_time_lapse,0,40,0,0,0,0,0,0,0,0,0,0,0,0,0,0,0,0,0,0,0,0,0,0,0,0,0,0,0,0,0,0,0,0,0,0,0,0,0,0,0,0,0
npc_dota_hero_jakiro,jakiro_dual_breath,170,10,750,450,-4,0,0,0,0,0,0,0,0,0,0,0,0,5,-40,-4,0,0,0,0,0,0,0,0,0,0,0,0,0,0,0,0,0,0,0,0,0,0,0
npc_dota_hero_jakiro,jakiro_ice_path,90,9,1200,150,0,0,0,0.1,2.25,1,0,0,0,0,0,0,0,2.5,0,0,0,0,0,0,0,0,0,0,0,0,50,50,0,0,0,0,0,0,0,0,0,0,0
npc_dota_hero_jakiro,jakiro_liquid_fire,0,4,600,300,0,0,0,0,0,0,0,0,0,0,0,0,0,5,-60,0,0,0,0,0,0,0,0,0,0,0,24,24,0,0,0,0,0,0,0,0,0,0,0
npc_dota_hero_jakiro,jakiro_macropyre,440,60,1400,260,0,0,0,0,0,0,0,0,0,0,0,0,0,10,0,0,0,0,0,0,0,0,0,0,0,0,180,180,0,0,0,0,0,0,0,0,0,0,0
npc_dota_hero_batrider,batrider_sticky_napalm,20,3,700,375,-0.08,0,0,0,0,0,0,0,0,0,0,0,0,8,0,-0.08,0,0,0,0,0,0,0,0,0,0,25,25,0,0,0,0,0,0,0,0,0,0,0
npc_dota_hero_batrider,batrider_flamebreak,140,15,1500,500,0,0,0,0,0,0,0,0,0,0,0,0,0,0,0,0,0,0,0,0,0,0,0,0,20,1,0,0,0,0,0,0,0,0,0,0,0,0,0
npc_dota_hero_batrider,batrider_firefly,125,34,0,0,0.13,0,0,0,0,0,0,0,0,0,0,0,0,15,0,0.13,0,0,0,0,0,0,0,0,70,1,0,0,0,0,0,0,0,0,0,0,0,0,0
npc_dota_hero_batrider,batrider_flaming_lasso,225,80,100,0,0,0,0,0.1,4,1,0,1,0,0,0,0,0,4,0,0,0,0,0,0,0,0,0,0,0,0,60,60,0,0,0,0,0,0,0,0,0,0,0
npc_dota_hero_chen,chen_penitence,100,11,800,0,-0.36,0,0,0,0,0,0,0,0,0,0,0,0,8,120,-0.36,0,0,0,0,0,0,0,0,0,0,0,0,0,0,0,0,0,0,0,0,0,0,0
npc_dota_hero_chen,chen_holy_persuasion,150,15,600,0,0,0,0,0,0,0,0,1,0,0,0,0,0,0,0,0,0,0,0,0,0,0,0,0,0,0,0,0,32,1,8,-1,131,133,150,1000,1,350,750
npc_dota_hero_chen,chen_divine_favor,130,80,10000,0,0,0,0,0,0,0,0,0,0,0,0,0,0,0,0,0,0,0,0,0,0,0,0,0,0,0,0,0,0,0,0,0,0,0,0,0,0,0,0
npc_dota_hero_chen,chen_hand_of_god,450,120,0,-1,0,0,0,0,0,0,0,0,0,0,0,0,0,0,0,0,0,2400,600,0,0,0,0,0,0,0,0,0,0,0,0,0,0,0,0,0,0,0,0
npc_dota_hero_spectre,spectre_spectral_dagger,160,16,2000,125,0.22,0,0,0,0,0,0,1,0,0,0,0,0,0,0,0.22,0,0,0,0,0,0,0,0,0,0,240,240,0,0,0,0,0,0,0,0,0,0,0
npc_dota_hero_spectre,spectre_desolate,0,0,0,0,0,0,0,0,0,0,0,1,0,0,0,0,0,0,0,0,0,0,0,0,0,0,0,0,0,0,0,0,50,0,0,0,0,0,0,0,0,0,0
npc_dota_hero_spectre,spectre_dispersion,0,0,0,700,0,0,0,0,0,0,0,1,0,0,0,0,0,0,0,0,0,0,0,0,0.22,0,0,0,0,0,0,0,0,0,0,0,0,0,0,0,0,0,0
npc_dota_hero_spectre,spectre_reality,0,0,10000,0,0,0,0,0,0,0,0,0,0,0,0,0,0,0,0,0,0,0,0,0,0,0,0,0,0,0,0,0,0,0,0,0,0,0,0,0,0,0,0
npc_dota_hero_spectre,spectre_haunt_single,180,35,10000,0,0,0,0,0,0,0,0,1,0,0,0,0,0,7,0,0,0,0,0,0,0,0,0,0,0,0,0,0,0,0,0,0,0,0,0,0,0,0,0
npc_dota_hero_spectre,spectre_haunt,250,120,0,-1,0,0,0,0,0,0,0,1,0,0,0,0,0,7,0,0,0,0,0,0,0,0,0,0,0,0,0,0,0,5,0,7,60,63.2,102,1360,2,290,1800
npc_dota_hero_doom_bringer,doom_bringer_devour,70,70,300,0,0,0,0,0,0,0,0,0,0,0,15,0,0,0,0,0,0,0,0,0,0,0,0,0,0,0,0,0,0,0,0,0,0,0,0,0,0,0,0
npc_dota_hero_doom_bringer,doom_bringer_scorched_earth,90,35,0,600,0.15,0,0,0,0,0,0,0,0,0,0,0,0,16,0,0.15,0,0,0,0,0,0,0,0,60,1,0,0,0,0,0,0,0,0,0,0,0,0,0
npc_dota_hero_doom_bringer,doom_bringer_infernal_blade,40,4,175,0,0,0,0,0.6,0.6,1,0,0,0,0,0,0,0,0,0,0,0,0,0,0,0,0,0,0,30,1,0,0,0,0,0,0,0,0,0,0,0,0,0
npc_dota_hero_doom_bringer,doom_bringer_doom,250,145,550,0,0,0,0,0,0,0,0,1,0,0,0,0,0,16,0,0,0,0,0,0,0,0,0,0,0,0,55,55,0,0,0,0,0,0,0,0,0,0,0
npc_dota_hero_ancient_apparition,ancient_apparition_cold_feet,125,7,1000,0,0,0,0,0,0,0,0,0,0,0,0,0,0,4,0,0,0,0,0,0,0,0,0,0,0,0,90,90,0,0,0,0,0,0,0,0,0,0,0
npc_dota_hero_ancient_apparition,ancient_apparition_ice_vortex,100,4,1500,275,-0.3,0,0,0,0,0,0,0,0,0,0,0,0,16,0,-0.3,0,0,0,0,0,0,0,0,0,0,0,0,0,0,0,0,0,0,0,0,0,0,0
npc_dota_hero_ancient_apparition,ancient_apparition_chilling_touch,90,3,915,0,0,0,0,0,0,0,0,0,0,0,0,0,0,0.5,0,0,0,0,0,0,0,0,0,0,0,0,170,170,0,0,0,0,0,0,0,0,0,0,0
npc_dota_hero_ancient_apparition,ancient_apparition_ice_blast,175,40,10000,1000,0,0,0,0,0,0,0,1,0,0,0,0,0,0,0,0,0,0,0,0,0,0,0,0,0,0,450,450,0,0,0,0,0,0,0,0,0,0,0
npc_dota_hero_ancient_apparition,ancient_apparition_ice_blast_release,0,1,10000,0,0,0,0,0,0,0,0,0,0,0,0,0,0,0,0,0,0,0,0,0,0,0,0,0,0,0,0,0,0,0,0,0,0,0,0,0,0,0,0
npc_dota_hero_ursa,ursa_earthshock,85,6,250,385,-0.55,0,0,0,0,0,0,0,0,0,0,0,0,4,0,-0.55,0,0,0,0,0,0,0,0,0,0,225,225,0,0,0,0,0,0,0,0,0,0,0
npc_dota_hero_ursa,ursa_overpower,70,9,0,0,0,0,0,0,0,0,0,0,0,0,0,0,0,20,400,0,0,0,0,0,0,0,0,0,0,0,0,0,0,0,0,0,0,0,0,0,0,0,0
npc_dota_hero_ursa,ursa_fury_swipes,0,0,0,0,0,0,0,0,0,0,0,1,0,0,0,0,0,0,0,0,0,0,0,0,0,0,0,0,0,0,0,0,36,0,0,0,0,0,0,0,0,0,0
npc_dota_hero_ursa,ursa_enrage,0,30,0,0,0,0,0,0,0,0,0,1,0,0,0,0,0,5,0,0,0.8,0,0,0.5,0,0,0,0,0,0,0,0,0,0,0,0,0,0,0,0,0,0,0
npc_dota_hero_spirit_breaker,spirit_breaker_charge_of_darkness,100,11,10000,0,0,0,0,0,0,0,0,0,0,0,0,0,0,0,0,0,0,0,0,0,0,0,0,0,0,0,0,0,0,0,0,0,0,0,0,0,0,0,0
npc_dota_hero_spirit_breaker,spirit_breaker_bulldoze,60,16,0,0,0.3,0,0,0,0,0,0,0,0,0,0,0,0,8,0,0.3,0,0,0,0.7,0,0,0,0,0,0,0,0,0,0,0,0,0,0,0,0,0,0,0
npc_dota_hero_spirit_breaker,spirit_breaker_greater_bash,0,1.5,0,0,0.17,0,0,0,0,0,0,1,0,0,0,0,0,1.8,0,0.17,0,0,0,0,0,0,0,0,0,0,0,0,150,0,0,0,0,0,0,0,0,0,0
npc_dota_hero_spirit_breaker,spirit_breaker_nether_strike,175,60,700,0,0,0,0,0,0,0,0,1,0,0,0,0,0,0,0,0,0,0,0,0,0,0,0,0,0,0,250,250,0,0,0,0,0,0,0,0,0,0,0
npc_dota_hero_gyrocopter,gyrocopter_rocket_barrage,90,5.5,0,400,0,0,0,0,0,0,0,0,0,0,0,0,0,3,0,0,0,0,0,0,0,0,0,0,0,0,0,0,0,0,0,0,0,0,0,0,0,0,0
npc_dota_hero_gyrocopter,gyrocopter_homing_missile,150,11,1050,100,0,0,0,0,0,0,0,0,0,0,0,0,0,0,0,0,0,0,0,0,0,0,0,0,0,0,325,325,0,0,0,0,0,0,0,0,0,0,0
npc_dota_hero_gyrocopter,gyrocopter_flak_cannon,50,20,0,1250,0,0,0,0,0,0,0,1,0,0,0,0,0,10,0,0,0,0,0,0,0,0,0,0,0,0,0,0,0,0,0,0,0,0,0,0,0,0,0
npc_dota_hero_gyrocopter,gyrocopter_call_down,125,90,1000,600,0,0,0,0,0,0,0,0,0,0,0,0,0,0,0,0,0,0,0,0,0,0,0,0,0,0,0,0,0,0,0,0,0,0,0,0,0,0,0
npc_dota_hero_alchemist,alchemist_acid_spray,160,22,900,625,0,0,0,0,0,0,0,0,0,0,0,0,-7,16,0,0,0,0,0,0,0,0,0,0,30,1,0,0,0,0,0,0,0,0,0,0,0,0,0
npc_dota_hero_alchemist,alchemist_unstable_concoction,120,16,0,0,0,0,0,0.25,4,1,0,0,0,0,0,0,0,0,0,0,0,0,0,0,0,0,0,0,0,0,1,360,0,0,0,0,0,0,0,0,0,0,0
npc_dota_hero_alchemist,alchemist_goblins_greed,0,0,0,0,0,0,0,0,0,0,0,0,0,0,0,0,0,40,0,0,0,0,0,0,0,0,0,0,0,0,0,0,0,0,0,0,0,0,0,0,0,0,0
npc_dota_hero_alchemist,alchemist_chemical_rage,150,55,0,0,0.6,0,0,0,0,0,0,0,0,0,100,0,0,25,0,0.6,0,0,0,0,0,0,0,0,0,0,0,0,0,0,0,0,0,0,0,0,0,0,0
npc_dota_hero_alchemist,alchemist_unstable_concoction_throw,0,0,775,0,0,0,0,0.25,4,1,0,0,0,0,0,0,0,0,0,0,0,0,0,0,0,0,0,0,0,0,1,360,0,0,0,0,0,0,0,0,0,0,0
npc_dota_hero_silencer,silencer_curse_of_the_silent,140,14,1000,425,-0.18,0,0,0,0,0,0,0,0,0,0,0,0,6,0,-0.18,0,0,0,0,0,0,0,0,46,1,0,0,0,0,0,0,0,0,0,0,0,0,0
npc_dota_hero_silencer,silencer_glaives_of_wisdom,15,0,600,0,0,0,0,0,0,0,0,0,0,0,0,0,0,0,0,0,0,0,0,0,0,0,0,0,0,0,0,0,100,0,0,0,0,0,0,0,0,0,0
npc_dota_hero_silencer,silencer_last_word,115,10,900,0,0,0,0,0,0,0,0,0,0,0,0,0,0,6,0,0,0,0,0,0,0,0,0,0,0,0,200,200,0,0,0,0,0,0,0,0,0,0,0
npc_dota_hero_silencer,silencer_global_silence,600,130,0,-1,0,0,0,0,0,0,0,1,0,0,0,0,0,6,0,0,0,0,0,0,0,0,0,0,0,0,0,0,0,0,0,0,0,0,0,0,0,0,0
npc_dota_hero_obsidian_destroyer,obsidian_destroyer_arcane_orb,200,0,450,0,0,0,0,0,0,0,0,0,0,0,0,0,0,0,0,0,0,0,0,0,0,0,0,0,0,0,0,0,300,0,0,0,0,0,0,0,0,0,0
npc_dota_hero_obsidian_destroyer,obsidian_destroyer_astral_imprisonment,200,12,450,400,0,0,0,0,0,0,0,0,0,0,0,0,0,4,0,0,1,0,0,1,1,0,0,0,0,0,325,325,0,0,0,0,0,0,0,0,0,0,0
npc_dota_hero_obsidian_destroyer,obsidian_destroyer_equilibrium,50,25,0,0,0,0,0,0,0,0,0,0,0,0,0,0,0,6,0,0,0,0,0,0,0,0,0,0,0,0,0,0,0,0,0,0,0,0,0,0,0,0,0
npc_dota_hero_obsidian_destroyer,obsidian_destroyer_sanity_eclipse,450,160,700,350,0,0,0,0,0,0,0,0,0,0,0,0,0,0,0,0,0,0,0,0,0,0,0,0,0,0,0,0,0,0,0,0,0,0,0,0,0,0,0
npc_dota_hero_lycan,lycan_summon_wolves,145,30,0,0,0,0,0,0,0,0,0,0,0,0,0,0,0,0,0,0,0,0,0,0,0,0,0,0,0,0,0,0,0,2,0,55,48,52,90,450,1,460,1200
npc_dota_hero_lycan,lycan_howl,50,18,0,2000,0,0,0,0,0,0,0,0,0,0,0,0,8,8,0,0,0.4,0,0,0,0,0,0,0,0,0,0,0,0,0,0,0,0,0,0,0,0,0,0
npc_dota_hero_lycan,lycan_feral_impulse,0,0,0,1200,0,0,0,0,0,0,0,0,0,0,8,0,0,0,0,0,0,0,0,0,0,0,0,0,0,0,0,0,0.5,0,0,0,0,0,0,0,0,0,0
npc_dota_hero_lycan,lycan_wolf_bite,150,80,0,0,0,0,0,0,0,0,0,0,0,0,0,0,0,0,0,0,0,0,0,0,0,0,0.3,0,0,0,0,0,0,0,0,0,0,0,0,0,0,0,0
npc_dota_hero_lycan,lycan_shapeshift,100,95,0,0,0,0,0,0,0,0,0,0,0,0,0,0,0,22,0,0,0,0,0,0,0,0,0,0,0,0,0,0,0,0,0,0,0,0,0,0,0,0,0
npc_dota_hero_brewmaster,brewmaster_thunder_clap,120,13,0,400,0,0,0,0,0,0,0,0,0,0,0,0,0,4,55,0,0,0,0,0,0,0,0,0,0,0,300,300,0,0,0,0,0,0,0,0,0,0,0
npc_dota_hero_brewmaster,brewmaster_cinder_brew,80,11,850,400,0,0,0,0,0,0,0,0,0,0,0,0,0,5,0,0,0,0,0,0,0,0,0,0,0,0,300,300,0,0,0,0,0,0,0,0,0,0,0
npc_dota_hero_brewmaster,brewmaster_drunken_brawler,50,17,0,0,0,0,0,0,0,0,0,0,0,0,0,0,0,5,0,0,0,0,0,0,0,0,0,0.8,0,0,0,0,0,0,0,0,0,0,0,0,0,0,0
npc_dota_hero_brewmaster,brewmaster_primal_split,175,120,0,0,0,0,0,0,0,0,0,0,0,0,0,0,0,20,0,0,0,0,0,0,0,0,0,0,0,0,0,0,0,3,3,20,85,95,125,3000,1,370,1800
npc_dota_hero_shadow_demon,shadow_demon_disruption,120,18,600,0,0,0,0,0,0,0,0,0,0,0,0,0,0,2.75,0,0,1,0,0,1,1,0,0,0,0,0,0,0,0,2,0,14,72,75,88,1380,3,290,1800
npc_dota_hero_shadow_demon,shadow_demon_soul_catcher,140,20,700,250,0,0,0,0,0,0,0,0,0,0,0,0,0,10,0,0,0,0,0,0,0,0,0,0,0,0,0,0,0,0,0,0,0,0,0,0,0,0,0
npc_dota_hero_shadow_demon,shadow_demon_shadow_poison,50,2.5,1500,200,0,0,0,0,0,0,0,0,0,0,0,0,0,10,0,0,0,0,0,0,0,0,0,0,0,0,0,0,0,0,0,0,0,0,0,0,0,0,0
npc_dota_hero_shadow_demon,shadow_demon_demonic_purge,200,60,800,0,0,0,0,0,0,0,0,1,0,0,0,0,0,7,0,0,0,0,0,0,0,0,0,0,0,0,0,0,0,0,0,0,0,0,0,0,0,0,0
npc_dota_hero_lone_druid,lone_druid_spirit_bear,75,120,0,0,0,0,0,0,0,0,0,0,0,0,0,0,0,0,0,0,0,0,0,0,0,0,0,0,0,0,0,0,0,1,6,-1,20,20,145,2000,1,400,1400
npc_dota_hero_lone_druid,lone_druid_spirit_link,0,0,0,0,0,0,0,0,0,0,0,0,0,0,0,0,0,0,60,0,0,0,0,0,0,0.65,0,0,0,0,0,0,0,0,0,0,0,0,0,0,0,0,0
npc_dota_hero_lone_druid,lone_druid_savage_roar,50,20,0,375,0.2,0,0,0,0,0,0,0,0,0,0,0,0,2.4,0,0.2,0,0,0,0,0,0,0,0,0,0,0,0,0,0,0,0,0,0,0,0,0,0,0
npc_dota_hero_lone_druid,lone_druid_true_form,200,100,0,0,0,0,0,0,0,0,0,0,0,0,0,0,20,40,0,0,0,0,0,0,0,0,0,0,0,0,0,0,0,0,0,0,0,0,0,0,0,0,0
npc_dota_hero_chaos_knight,chaos_knight_chaos_bolt,140,10,500,0,0,0,0,2,4,1,0,0,0,0,0,0,0,0,0,0,0,0,0,0,0,0,0,0,0,0,150,300,0,0,0,0,0,0,0,0,0,0,0
npc_dota_hero_chaos_knight,chaos_knight_reality_rift,50,6,750,0,0,0,0,0,0,0,0,0,0,0,0,0,-6,6,0,0,0,0,0,0,0,0,0,0,0,0,0,0,0,0,0,0,0,0,0,0,0,0,0
npc_dota_hero_chaos_knight,chaos_knight_chaos_strike,0,4,0,0,0,0,0,0,0,0,0,1,0,0,0,0,0,0,0,0,0,0,0,0,0,0,0.7,0,0,0,0,0,0,0,0,0,0,0,0,0,0,0,0
npc_dota_hero_chaos_knight,chaos_knight_phantasm,275,125,0,0,0,0,0,0,0,0,0,0,0,0,0,0,0,0,0,0,1,0,0,1,1,0,0,0,0,0,0,0,0,3,2,30,98,128,81,1580,3.25,320,1800
npc_dota_hero_meepo,meepo_earthbind,100,8,1250,220,0,0,0,0,0,0,2,0,0,0,0,0,0,2,0,0,0,0,0,0,0,0,0,0,0,0,0,0,0,0,0,0,0,0,0,0,0,0,0
npc_dota_hero_meepo,meepo_poof,80,6,10000,375,0,0,0,0,0,0,0,0,0,0,0,0,0,0,0,0,0,0,0,0,0,0,0,0,0,0,130,130,0,0,0,0,0,0,0,0,0,0,0
npc_dota_hero_meepo,meepo_ransack,0,0,0,0,0,0,0,0,0,0,0,0,0,0,0,0,0,0,0,0,0,0,0,0,0,0,0.4,0,0,0,0,0,0,0,0,0,0,0,0,0,0,0,0
npc_dota_hero_meepo,meepo_divided_we_stand,0,0,0,0,0,0,0,0,0,0,0,0,0,0,0,0,0,0,0,0,0,0,0,0,0,0,0,0,0,0,0,0,0,0,0,0,0,0,0,0,0,0,0
npc_dota_hero_treant,treant_natures_grasp,90,17,1500,135,0,0,0,0,0,0,0,0,0,0,0,0,0,0,0,0,0,0,0,0,0,0,0,0,60,1,0,0,0,0,0,0,0,0,0,0,0,0,0
npc_dota_hero_treant,treant_leech_seed,110,13,400,650,0,0,0,0,0,0,0,0,0,0,0,0,0,5,0,0,0,320,0,0,0,0,0,0,0,0,0,0,0,0,0,0,0,0,0,0,0,0,0
npc_dota_hero_treant,treant_living_armor,50,14,10000,0,0,0,0,0,0,0,0,0,0,0,0,0,8,12,0,0,0,180,0,0,0,0,0,0,0,0,0,0,0,0,0,0,0,0,0,0,0,0,0
npc_dota_hero_treant,treant_eyes_in_the_forest,100,35,160,800,0,0,0,0,0,0,0,0,0,0,0,0,0,0,0,0,0,0,0,0,0,0,0,0,0,0,0,0,0,0,0,0,0,0,0,0,0,0,0
npc_dota_hero_treant,treant_natures_guise,0,0,0,0,0,0,0,0,0,0,0,0,0,0,4,0,0,0,0,0,0,0,0,0,0,60,0,0,0,0,0,0,0,0,0,0,0,0,0,0,0,0,0
npc_dota_hero_treant,treant_overgrowth,300,100,0,800,0,0,0,0,0,0,5,1,0,0,0,0,0,5,0,0,0,0,0,0,0,0,0,0,0,0,75,75,0,0,0,0,0,0,0,0,0,0,0
npc_dota_hero_ogre_magi,ogre_magi_fireblast,105,8,475,0,0,0,0,1.5,1.5,1,0,0,0,0,0,0,0,0,0,0,0,0,0,0,0,0,0,0,0,0,240,240,0,0,0,0,0,0,0,0,0,0,0
npc_dota_hero_ogre_magi,ogre_magi_ignite,90,15,1000,1200,-0.26,0,0,0,0,0,0,0,0,0,0,0,0,8,0,-0.26,0,0,0,0,0,0,0,0,50,1,0,0,0,0,0,0,0,0,0,0,0,0,0
npc_dota_hero_ogre_magi,ogre_magi_bloodlust,65,14,600,0,0.13,0,0,0,0,0,0,0,0,0,0,0,0,30,60,0.13,0,0,0,0,0,0,0,0,0,0,0,0,0,0,0,0,0,0,0,0,0,0,0
npc_dota_hero_ogre_magi,ogre_magi_unrefined_fireblast,400,6,475,0,0,0,0,1.5,1.5,1,0,0,0,0,0,0,0,0,0,0,0,0,0,0,0,0,0,0,0,0,275,275,0,0,0,0,0,0,0,0,0,0,0
npc_dota_hero_ogre_magi,ogre_magi_multicast,0,0,0,0,0,0,0,0,0,0,0,0,0,0,0,0,0,0,0,0,0,0,0,0,0,0,0,0,0,0,0,0,0,0,0,0,0,0,0,0,0,0,0
npc_dota_hero_undying,undying_decay,115,4,650,325,0,0,0,0,0,0,0,0,0,0,0,0,0,30,0,0,0,0,0,0,0,0,0,0,0,0,110,110,0,0,0,0,0,0,0,0,0,0,0
npc_dota_hero_undying,undying_soul_rip,130,6,750,0,0,0,0,0,0,0,0,0,0,0,0,0,0,0,0,0,0,473,0,0,0,0,0,0,0,0,47.3,473,0,0,0,0,0,0,0,0,0,0,0
npc_dota_hero_undying,undying_tombstone,150,70,600,1200,0,0,0,0,0,0,0,0,0,0,0,0,0,30,0,0,0,0,0,0,0,0,0,0,0,0,0,0,0,0,0,0,0,0,0,0,0,0,0
npc_dota_hero_undying,undying_flesh_golem,150,125,0,1200,0,0,0,0,0,0,0,0,0,0,0,0,0,40,0,0,0,0,0,0,0.35,0,0,0,0,0,45,45,0,0,0,0,0,0,0,0,0,0,0
npc_dota_hero_rubick,rubick_telekinesis,125,22,625,0,0,0,0,0,0,0,0,0,0,0,0,0,0,0,0,0,0,0,0,0,0,0,0,0,0,0,0,0,0,0,0,0,0,0,0,0,0,0,0
npc_dota_hero_rubick,rubick_fade_bolt,150,10,800,440,0,0,0,0,0,0,0,0,0,0,0,0,0,10,0,0,0,0,0,0,0,0,0,0,0,0,320,320,0,0,0,0,0,0,0,0,0,0,0
npc_dota_hero_rubick,rubick_arcane_supremacy,0,0,0,1200,0,0,0,0,0,0,0,0,0,0,0,0,0,0,0,0,0,0,0,0,0.4,0,0,0,0,0,0,0,0,0,0,0,0,0,0,0,0,0,0
npc_dota_hero_rubick,rubick_spell_steal,25,16,1000,0,0,0,0,0,0,0,0,1,0,0,0,0,0,300,0,0,0,0,0,0,0,0,0,0,0,0,0,0,0,0,0,0,0,0,0,0,0,0,0
npc_dota_hero_rubick,rubick_telekinesis_land,0,0,375,325,0,0,0,0,0,0,0,0,0,0,0,0,0,0,0,0,0,0,0,0,0,0,0,0,0,0,0,0,0,0,0,0,0,0,0,0,0,0,0
npc_dota_hero_disruptor,disruptor_thunder_strike,160,9,800,0,0,0,0,0,0,0,0,0,0,0,0,0,0,0,0,0,0,0,0,0,0,0,0,0,0,0,0,0,0,0,0,0,0,0,0,0,0,0,0
npc_dota_hero_disruptor,disruptor_glimpse,100,18,1800,0,0,0,0,0,0,0,0,0,0,0,0,0,0,0,0,0,0,0,0,0,0,0,0,0,0,0,0,0,0,0,0,0,0,0,0,0,0,0,0
npc_dota_hero_disruptor,disruptor_kinetic_field,70,10,900,350,0,0,0,0,0,0,0,0,0,0,0,0,0,4.4,0,0,0,0,0,0,0,0,0,0,0,0,0,0,0,0,0,0,0,0,0,0,0,0,0
npc_dota_hero_disruptor,disruptor_static_storm,225,70,800,500,0,0,0,0,0,0,0,0,0,0,0,0,0,5,0,0,0,0,0,0,0,0,0,0,0,0,1,350,0,0,0,0,0,0,0,0,0,0,0
npc_dota_hero_nyx_assassin,nyx_assassin_impale,155,14,700,125,0,0,0,2.6,2.6,1,0,0,0,0,0,0,0,2.6,0,0,0,0,0,0,0,0,0,0,0,0,280,280,0,0,0,0,0,0,0,0,0,0,0
npc_dota_hero_nyx_assassin,nyx_assassin_mana_burn,100,4,600,0,0,0,0,0,0,0,0,0,0,0,0,0,0,0,0,0,0,0,0,0,0,0,0,0,0,0,0,0,0,0,0,0,0,0,0,0,0,0,0
npc_dota_hero_nyx_assassin,nyx_assassin_spiked_carapace,40,10,0,0,0,0,0,2.4,2.4,1,0,0,0,0,0,0,0,0,0,0,1,0,0,0,0,0,0,0,0,0,0,0,0,0,0,0,0,0,0,0,0,0,0
npc_dota_hero_nyx_assassin,nyx_assassin_burrow,0,0,0,0,0,0,0,0,0,0,0,0,0,0,1.5,0.05175,0,0,0,0,0,0,0,0,0,60,0,0,0,0,0,0,0,0,0,0,0,0,0,0,0,0,0
npc_dota_hero_nyx_assassin,nyx_assassin_vendetta,260,50,0,0,0.2,0,0,0,0,0,0,1,0,0,0,0,0,60,0,0.2,0,0,0,0,0,60,0,0,0,0,0,0,500,0,0,0,0,0,0,0,0,0,0
npc_dota_hero_naga_siren,naga_siren_mirror_image,115,30,0,0,0,0,0,0,0,0,0,0,0,0,0,0,0,0,0,0,1,0,0,1,1,0,0,0,0,0,0,0,0,3,3,26,37.2,38,100,1420,3.5,330,1800
npc_dota_hero_naga_siren,naga_siren_ensnare,100,14,650,0,0,0,0,0,0,0,5,0,0,0,0,0,0,5,0,0,0,0,0,0,0,0,0,0,0,0,0,0,0,0,0,0,0,0,0,0,0,0,0
npc_dota_hero_naga_siren,naga_siren_rip_tide,0,0,0,300,0,0,0,0,0,0,0,0,0,0,0,0,-8,4,0,0,0,0,0,0,0,0,0,0,0,0,60,60,0,0,0,0,0,0,0,0,0,0,0
npc_dota_hero_naga_siren,naga_siren_song_of_the_siren,200,80,0,1400,0,0,0,0,0,0,0,0,0,0,10,0,0,7,0,0,1,0,0,1,1,0,0,0,0,0,0,0,0,0,0,0,0,0,0,0,0,0,0
npc_dota_hero_keeper_of_the_light,keeper_of_the_light_illuminate,180,11,1800,375,0,0,0,0,0,0,0,0,0,0,0,0,0,0,0,0,0,0,0,0,0,0,0,0,0,0,100,1455,0,0,0,0,0,0,0,0,0,0,0
npc_dota_hero_keeper_of_the_light,keeper_of_the_light_blinding_light,175,14,700,600,0,0,0,0,0,0,0,0,0,0,0,0,0,6,0,0,0,0,0,0,0,0,0,0.7,0,0,200,200,0,0,0,0,0,0,0,0,0,0,0
npc_dota_hero_keeper_of_the_light,keeper_of_the_light_chakra_magic,0,14,900,0,0,0,0,0,0,0,0,0,0.06,0,0,0,0,5,0,0,0,0,0,0,0,0,0,0,0,0,0,0,0,0,0,0,0,0,0,0,0,0,0
npc_dota_hero_keeper_of_the_light,keeper_of_the_light_will_o_wisp,450,130,800,725,0,0,0,0,0,0,0,0,0,0,0,0,0,0,0,0,0,0,0,0,0,0,0,0,0,0,0,0,0,0,0,0,0,0,0,0,0,0,0
npc_dota_hero_keeper_of_the_light,keeper_of_the_light_spirit_form_illuminate,180,11,180,375,0,0,0,0,0,0,0,0,0,0,0,0,0,0,0,0,0,0,0,0,0,0,0,0,0,0,100,1455,0,0,0,0,0,0,0,0,0,0,0
npc_dota_hero_wisp,wisp_tether,40,12,1800,0,0.14,0,0,0,0,0,0,0,0,0,0,0,0,0,0,0.14,0,1500,0,0,0,0,0,0,0,0,0,0,0,0,0,0,0,0,0,0,0,0,0
npc_dota_hero_wisp,wisp_spirits,150,20,0,360,0,0,0,0,0,0,0,0,0,0,0,0,0,19,0,0,0,0,0,0,0,0,0,0,0,0,0,0,0,0,0,0,0,0,0,0,0,0,0
npc_dota_hero_wisp,wisp_overcharge,100,16,0,0,0,0,0,0,0,0,0,0,0,0,0.0472,0,0,8,140,0,0,0,0,0,0,0,0,0,0,0,0,0,0,0,0,0,0,0,0,0,0,0,0
npc_dota_hero_wisp,wisp_relocate,175,60,10000,0,0,0,0,0,0,0,0,0,0,0,0,0,0,0,0,0,0,0,0,0,0,0,0,0,0,0,0,0,0,0,0,0,0,0,0,0,0,0,0
npc_dota_hero_visage,visage_grave_chill,90,10,625,0,0.35,0,0,0,0,0,0,0,0,0,0,0,0,0,70,0.35,0,0,0,0,0,0,0,0,0,0,0,0,0,0,0,0,0,0,0,0,0,0,0
npc_dota_hero_visage,visage_soul_assumption,150,4,1000,0,0,0,0,0,0,0,0,0,0,0,0,0,0,0,0,0,0,0,0,0,0,0,0,0,0,0,2,3000,0,0,0,0,0,0,0,0,0,0,0
npc_dota_hero_visage,visage_gravekeepers_cloak,0,0,0,0,0,0,0,0,0,0,0,0,0,0,0,0,0,0,0,0,0.2,0,0,0,0.8,0,0,0,0,0,40,40,0,0,0,0,0,0,0,0,0,0,0
npc_dota_hero_visage,visage_stone_form_self_cast,0,0,10000,350,0,0,0,1.5,3,1,0,0,0,0,0,0,0,0,0,0,0,0,0,0,0,0,0,0,0,0,0,0,0,0,0,0,0,0,0,0,0,0,0
npc_dota_hero_visage,visage_summon_familiars,150,130,0,0,0,0,0,0,0,0,0,0,0,0,0,0,0,0,0,0,0,0,0,0,0,0,0,0,0,0,0,0,0,2,2,-1,60,60,40,700,1,430,390
npc_dota_hero_slark,slark_dark_pact,60,6,0,325,0,0,0,0,0,0,0,0,0,1.5,0,0,0,0,0,0,0,0,0,0,0,0,0,0,0,0,0,0,0,0,0,0,0,0,0,0,0,0,0
npc_dota_hero_slark,slark_pounce,75,8,700,0,0,0,0,0,0,0,3.25,0,0,0,0,0,0,0,0,0,0,0,0,0,0,0,0,0,0,0,0,0,0,0,0,0,0,0,0,0,0,0,0
npc_dota_hero_slark,slark_essence_shift,0,0,0,0,0,0,0,0,0,0,0,1,0,0,0,0,0,100,0,0,0,0,0,0,0,0,0,0,0,0,0,0,0,0,0,0,0,0,0,0,0,0,0
npc_dota_hero_slark,slark_shadow_dance,120,60,0,0,0.5,0,0,0,0,0,0,0,0,0,7,0,0,4.5,0,0.5,0,0,0,0,0,4.5,0,0,0,0,0,0,0,0,0,0,0,0,0,0,0,0,0
npc_dota_hero_medusa,medusa_split_shot,0,0,0,600,0,0,0,0,0,0,0,1,0,0,0,0,0,0,0,0,0,0,0,0,0,0,0,0,0,0,0,0,0,0,0,0,0,0,0,0,0,0,0
npc_dota_hero_medusa,medusa_mystic_snake,170,11,700,475,0,0,0,0,0,0,0,0,0.2,0,0,0,0,0,0,0,0,0,0,0,0,0,0,0,0,0,0,0,0,0,0,0,0,0,0,0,0,0,0
npc_dota_hero_medusa,medusa_mana_shield,0,0,0,0,0,0,0,0,0,0,0,0,0,0,0,0,0,0,0,0,0.7,0,0,0,0,0,0,0,0,0,0,0,0,0,0,0,0,0,0,0,0,0,0
npc_dota_hero_medusa,medusa_stone_gaze,200,90,0,1200,-0.5,0,0,3,3,1,0,1,0,0,0,0,0,6,0,-0.5,0,0,0,0,0,0,0,0,0,0,0,0,0,0,0,0,0,0,0,0,0,0,0
npc_dota_hero_troll_warlord,troll_warlord_berserkers_rage,0,0,0,0,0.4,0,0,0,0,0,2,0,0,0,0,0,6,0,0,0.4,0,0,0,0,0,0,0,0,0,0,0,0,0,0,0,0,0,0,0,0,0,0,0
npc_dota_hero_troll_warlord,troll_warlord_whirling_axes_ranged,50,9,1000,100,-0.4,0,0,0,0,0,0,0,0,0,0,0,0,0,0,-0.4,0,0,0,0,0,0,0,0,0,0,0,0,0,0,0,0,0,0,0,0,0,0,0
npc_dota_hero_troll_warlord,troll_warlord_whirling_axes_melee,50,9,0,350,0,0,0,0,0,0,0,0,0,0,0,0,0,0,0,0,0,0,0,0,0,0,0,0.6,0,0,200,200,0,0,0,0,0,0,0,0,0,0,0
npc_dota_hero_troll_warlord,troll_warlord_fervor,0,0,0,0,0,0,0,0,0,0,0,0,0,0,0,0,0,0,30,0,0,0,0,0,0,0,0,0,0,0,0,0,0,0,0,0,0,0,0,0,0,0,0
npc_dota_hero_troll_warlord,troll_warlord_battle_trance,150,90,0,0,0.4,0,0,0,0,0,0,0,0,0,0,0,0,0,200,0.4,0,0,0,0,0,0,0.8,0,0,0,0,0,0,0,0,0,0,0,0,0,0,0,0
npc_dota_hero_centaur,centaur_hoof_stomp,130,13,0,315,0,0,0,2.6,2.6,1,0,0,0,0,0,0,0,0,0,0,0,0,0,0,0,0,0,0,0,0,250,250,0,0,0,0,0,0,0,0,0,0,0
npc_dota_hero_centaur,centaur_double_edge,0,5,150,190,0,0,0,0,0,0,0,0,0,0,0,0,0,0,0,0,0,0,0,0,0,0,0,0,0,0,300,300,0,0,0,0,0,0,0,0,0,0,0
npc_dota_hero_centaur,centaur_return,0,40,0,0,0,0,0,0,0,0,0,1,0,0,0,0,0,0,0,0,0,0,0,0,0,0,0,0,0,0,76,76,0,0,0,0,0,0,0,0,0,0,0
npc_dota_hero_centaur,centaur_stampede,250,90,0,-1,-0.99,0,0,0,0,0,0,0,0,0,0,0,0,4,0,-0.99,0,0,0,0,0,0,0,0,0,0,0,0,0,0,0,0,0,0,0,0,0,0,0
npc_dota_hero_magnataur,magnataur_shockwave,120,10,1200,200,0,0,0,0,0,0,0,0,0,0,0,0,0,0.6875,0,0,0,0,0,0,0,0,0,0,0,0,300,300,0,0,0,0,0,0,0,0,0,0,0
npc_dota_hero_magnataur,magnataur_empower,90,8,800,0,0,0,0,0,0,0,0,0,0,0,0,0,0,50,0,0,0,0,0,0,0,0,0,0,0,0,0,0,0,0,0,0,0,0,0,0,0,0,0
npc_dota_hero_magnataur,magnataur_skewer,80,20,1172,145,0,0,0,0,0,0,0,0,0,0,0,0,0,0,0,0,0,0,0,0,0,0,0,0,0,0,280,280,0,0,0,0,0,0,0,0,0,0,0
npc_dota_hero_magnataur,magnataur_reverse_polarity,300,130,0,410,0,0,0,0,0,0,0,1,0,0,0,0,0,0,0,0,0,0,0,0,0,0,0,0,0,0,0,0,0,0,0,0,0,0,0,0,0,0,0
npc_dota_hero_shredder,shredder_whirling_death,70,6,0,300,0,0,0,0,0,0,0,0,0,0,0,0,0,14,0,0,0,0,0,0,0,0,0,0,0,0,180,180,0,0,0,0,0,0,0,0,0,0,0
npc_dota_hero_shredder,shredder_timber_chain,90,4,1400,225,0,0,0,0,0,0,0,0,0,0,0,0,0,0,0,0,0,0,0,0,0,0,0,0,0,0,220,220,0,0,0,0,0,0,0,0,0,0,0
npc_dota_hero_shredder,shredder_reactive_armor,0,0,0,0,0,0,0,0,0,0,0,0,0,0,1.3,0,1.2,0,0,0,0,0,0,0,0,0,0,0,0,0,0,0,0,0,0,0,0,0,0,0,0,0,0
npc_dota_hero_shredder,shredder_chakram_2,200,8,1200,200,0,0,0,0,0,0,0,0,0,0,0,0,0,0,0,0,0,0,0,0,0,0,0,0,100,1,0,0,0,0,0,0,0,0,0,0,0,0,0
npc_dota_hero_shredder,shredder_chakram,200,8,1200,200,0,0,0,0,0,0,0,0,0,0,0,0,0,0,0,0,0,0,0,0,0,0,0,0,100,1,0,0,0,0,0,0,0,0,0,0,0,0,0
npc_dota_hero_bristleback,bristleback_viscous_nasal_goo,24,1.5,600,0,0,0,0,0,0,0,0,0,0,0,0,0,0,0,0,0,0,0,0,0,0,0,0,0,0,0,0,0,0,0,0,0,0,0,0,0,0,0,0
npc_dota_hero_bristleback,bristleback_quill_spray,35,3,0,700,0,0,0,0,0,0,0,1,0,0,0,0,0,0,0,0,0,0,0,0,0,0,0,0,0,0,300,300,0,0,0,0,0,0,0,0,0,0,0
npc_dota_hero_bristleback,bristleback_bristleback,0,0,0,0,0,0,0,0,0,0,0,0,0,0,0,0,0,0,0,0,0.4,0,0,0,0,0,0,0,0,0,0,0,0,0,0,0,0,0,0,0,0,0,0
npc_dota_hero_bristleback,bristleback_warpath,0,0,0,0,0,0,0,0,0,0,0,0,0,0,0,0,0,10,0,0,0,0,0,0,0,0,0,0,0,0,0,0,0,0,0,0,0,0,0,0,0,0,0
npc_dota_hero_tusk,tusk_ice_shards,115,14,2000,200,0,0,0,0,0,0,0,0,0,0,0,0,0,0,0,0,0,0,0,0,0,0,0,0,0,0,0,0,0,0,0,0,0,0,0,0,0,0,0
npc_dota_hero_tusk,tusk_snowball,75,18,1200,200,0,0,0,0,0,0,0,0,0,0,0,0,0,3,0,0,1,0,0,1,1,0,0,0,0,0,200,720,0,0,0,0,0,0,0,0,0,0,0
npc_dota_hero_tusk,tusk_tag_team,70,15,0,350,0,0,0,0,0,0,0,0,0,0,0,0,0,0,0,0,0,0,0,0,0,0,0,0,0,0,0,0,100,0,0,0,0,0,0,0,0,0,0
npc_dota_hero_tusk,tusk_walrus_kick,100,8,0,0,0.4,0,0,0,0,0,0,1,0,0,0,0,0,0,0,0.4,0,0,0,0,0,0,0,0,0,0,350,350,0,0,0,0,0,0,0,0,0,0,0
npc_dota_hero_tusk,tusk_walrus_punch,100,12,0,0,0.4,0,0,1,1,1,0,1,0,0,0,0,0,0,0,0.4,0,0,0,0,0,0,0,0,0,0,0,0,0,0,0,0,0,0,0,0,0,0,0
npc_dota_hero_skywrath_mage,skywrath_mage_arcane_bolt,90,2,875,0,0,0,0,0,0,0,0,0,0,0,0,0,0,0,0,0,0,0,0,0,0,0,0,0,0,0,0,0,0,0,0,0,0,0,0,0,0,0,0
npc_dota_hero_skywrath_mage,skywrath_mage_concussive_shot,95,12,1600,250,-0.45,0,0,0,0,0,0,0,0,0,0,0,0,0,0,-0.45,0,0,0,0,0,0,0,0,0,0,280,280,0,0,0,0,0,0,0,0,0,0,0
npc_dota_hero_skywrath_mage,skywrath_mage_ancient_seal,110,14,850,0,0,0,0,0,0,0,0,0,0,0,0,0,0,0,0,0,0,0,0,0,0,0,0,0,0,0,0,0,0,0,0,0,0,0,0,0,0,0,0
npc_dota_hero_skywrath_mage,skywrath_mage_mystic_flare,800,20,1200,170,0,0,0,0,0,0,0,0,0,0,0,0,0,2.4,0,0,0,0,0,0,0,0,0,0,66.67,0.1,0,0,0,0,0,0,0,0,0,0,0,0,0
npc_dota_hero_abaddon,abaddon_death_coil,50,5.5,575,0,0,0,0,0,0,0,0,0,0,0,0,0,0,0,0,0,0,255,0,0,0,0,0,0,0,0,0,0,0,0,0,0,0,0,0,0,0,0,0
npc_dota_hero_abaddon,abaddon_aphotic_shield,115,6,500,675,0,0,0,0,0,0,0,0,0,0,0,0,0,15,0,0,1,0,0,0,0,0,0,0,0,0,0,0,0,0,0,0,0,0,0,0,0,0,0
npc_dota_hero_abaddon,abaddon_frostmourne,0,0,0,0,-0.25,0,0,0,0,0,0,0,0,0,0,0,0,0,0,-0.25,0,0,0,0,0,0,0,0,0,0,0,0,0,0,0,0,0,0,0,0,0,0,0
npc_dota_hero_abaddon,abaddon_borrowed_time,0,40,0,0,0,0,0,0,0,0,0,0,0,0,0,0,0,6,0,0,1,0,1500,0,0,0,0,0,0,0,0,0,0,0,0,0,0,0,0,0,0,0,0
npc_dota_hero_elder_titan,elder_titan_echo_stomp,100,11,0,500,0,0,0,0.2,5,1,0,0,0,0,0,0,0,0,0,0,0,0,0,0,0,0,0,0,0,0,160,320,0,0,0,0,0,0,0,0,0,0,0
npc_dota_hero_elder_titan,elder_titan_ancestral_spirit,110,17,1200,275,0,0,0,0,0,0,0,1,0,0,0,0,6,0,0,0,0,0,0,0,0,0,0,0,0,0,0,0,0,1,0,8,50,50,200,100,0,315,400
npc_dota_hero_elder_titan,elder_titan_natural_order,0,0,0,350,0,0,0,0,0,0,0,0,0,0,0,0,-6,0,0,0,0,0,0,0,1,0,0,0,0,0,0,0,0,0,0,0,0,0,0,0,0,0,0
npc_dota_hero_elder_titan,elder_titan_earth_splitter,225,100,2400,315,0,0,0,0,0,0,0,1,0,0,0,0,0,0,0,0,0,0,0,0,0,0,0,0,0,0,50,5000,0,0,0,0,0,0,0,0,0,0,0
npc_dota_hero_legion_commander,legion_commander_overwhelming_odds,130,15,100,330,0,0,0,0,0,0,0,0,0,0,0,0,0,7,0,0,0,0,0,0,0,0,0,0,0,0,100,100,0,0,0,0,0,0,0,0,0,0,0
npc_dota_hero_legion_commander,legion_commander_press_the_attack,110,13,700,0,0,0,0,0,0,0,0,0,0,0,60,0,0,5,140,0,0,300,0,0,0,0,0,0,0,0,0,0,0,0,0,0,0,0,0,0,0,0,0
npc_dota_hero_legion_commander,legion_commander_moment_of_courage,0,0.8,0,0,0,0,0,0,0,0,0,0,0,0,0,0,0,0,0,0,0,0,0,0,0,0,0.85,0,0,0,0,0,0,0,0,0,0,0,0,0,0,0,0
npc_dota_hero_legion_commander,legion_commander_duel,75,50,150,0,0,0,0,5.5,5.5,1,0,1,0,0,0,0,0,5.5,0,0,0,0,0,0,0,0,0,0,0,0,0,0,0,0,0,0,0,0,0,0,0,0,0
npc_dota_hero_ember_spirit,ember_spirit_searing_chains,110,10,0,400,0,0,0,0,0,0,3,0,0,0,0,0,0,3,0,0,0,0,0,0,0,0,0,0,0,0,0,0,0,0,0,0,0,0,0,0,0,0,0
npc_dota_hero_ember_spirit,ember_spirit_sleight_of_fist,50,6,700,550,0,0,0,0,0,0,0,1,0,0,0,0,0,0,0,0,1,0,0,1,1,0,0,0,0,0,0,0,0,0,0,0,0,0,0,0,0,0,0
npc_dota_hero_ember_spirit,ember_spirit_flame_guard,110,35,0,400,0,0,0,0,0,0,0,0,0,0,0,0,0,20,0,0,0,0,0,0,1,0,0,0,60,1,0,0,0,0,0,0,0,0,0,0,0,0,0
npc_dota_hero_ember_spirit,ember_spirit_activate_fire_remnant,150,0,10000,0,0,0,0,0,0,0,0,0,0,0,0,0,0,0,0,0,1,0,0,1,1,0,0,0,0,0,300,300,0,0,0,0,0,0,0,0,0,0,0
npc_dota_hero_ember_spirit,ember_spirit_fire_remnant,0,0,1500,0,0,0,0,0,0,0,0,0,0,0,0,0,0,45,0,0,0,0,0,0,0,0,0,0,0,0,300,300,0,0,0,0,0,0,0,0,0,0,0
npc_dota_hero_earth_spirit,earth_spirit_boulder_smash,100,10,150,180,0,0,0,0,0,0,0,0,0,0,0,0,0,4,0,0,0,0,0,0,0,0,0,0,0,0,0,0,0,0,0,0,0,0,0,0,0,0,0
npc_dota_hero_earth_spirit,earth_spirit_rolling_boulder,50,4,3000,160,0,0,0,1,1,1,0,0,0,0.6,0,0,0,0,0,0,0,0,0,0,0,0,0,0,0,0,100,100,0,0,0,0,0,0,0,0,0,0,0
npc_dota_hero_earth_spirit,earth_spirit_geomagnetic_grip,100,13,1100,180,0,3.5,1,0,0,0,0,0,0,0,0,0,0,3.5,0,0,0,0,0,0,0,0,0,0,0,0,0,0,0,0,0,0,0,0,0,0,0,0,0
npc_dota_hero_earth_spirit,earth_spirit_stone_caller,0,0,1100,0,0,0,0,0,0,0,0,0,0,0,0,0,0,120,0,0,0,0,0,0,0,0,0,0,0,0,0,0,0,0,0,0,0,0,0,0,0,0,0
npc_dota_hero_earth_spirit,earth_spirit_petrify,150,45,125,300,0,0,0,0,0,0,0,0,0,0,0,0,0,3,0,0,0,0,0,0,0,0,0,0,0,0,300,300,0,0,0,0,0,0,0,0,0,0,0
npc_dota_hero_earth_spirit,earth_spirit_magnetize,100,80,0,350,0,5,1,0,0,0,0,1,0,0,0,0,0,0,0,0,0,0,0,0,0,0,0,0,100,1,0,0,0,0,0,0,0,0,0,0,0,0,0
npc_dota_hero_terrorblade,terrorblade_reflection,50,16,700,475,0,0,0,0,0,0,0,0,0,0,0,0,0,0,0,0,0,0,0,0,0,0,0,0,0,0,0,0,0,5,7,5.5,114,120,126,960,0,315,0
npc_dota_hero_terrorblade,terrorblade_conjure_image,85,16,0,0,0,0,0,0,0,0,0,0,0,0,0,0,0,0,0,0,0,0,0,0,0,0,0,0,0,0,0,0,0,1,7,34,68.4,72,126,960,3.2,315,1800
npc_dota_hero_terrorblade,terrorblade_metamorphosis,100,155,0,0,0,0,0,0,0,0,0,0,0,0,0,0,0,52,0,0,0,0,0,0,0,0,0,0,0,0,0,0,80,0,0,0,0,0,0,0,0,0,0
npc_dota_hero_terrorblade,terrorblade_terror_wave,75,90,0,1600,0,0,0,0,0,0,0,0,0,0,0,0,0,0,0,0,0,0,0,0,0,0,0,0,0,0,0,0,0,0,0,0,0,0,0,0,0,0,0
npc_dota_hero_terrorblade,terrorblade_sunder,50,40,475,0,0,0,0,0,0,0,0,0,0,0,0,0,0,0,0,0,0,0,0,0,0,0,0,0,0,0,0,0,0,0,0,0,0,0,0,0,0,0,0
npc_dota_hero_phoenix,phoenix_icarus_dive,0,30,1400,200,-0.28,0,0,0,0,0,0,0,0,0,0,0,0,0,0,-0.28,0,0,0,0,0,0,0,0,70,1,0,0,0,0,0,0,0,0,0,0,0,0,0
npc_dota_hero_phoenix,phoenix_fire_spirits,110,30,1400,175,0,0,0,0,0,0,0,0,0,0,0,0,0,4,-140,0,0,0,0,0,0,0,0,0,75,1,0,0,0,0,0,0,0,0,0,0,0,0,0
npc_dota_hero_phoenix,phoenix_sun_ray,100,26,1300,130,0,0,0,0,0,0,0,0,0,0,0,0,0,6,0,0,0,144,0,0,0,0,0,0,0,0,0,0,0,0,0,0,0,0,0,0,0,0,0
npc_dota_hero_phoenix,phoenix_supernova,200,110,0,1300,0,0,0,2.5,2.5,1,0,1,0,0,0,0,0,6,0,0,0,0,0,1,1,0,0,0,120,1,0,0,0,0,0,0,0,0,0,0,0,0,0
npc_dota_hero_oracle,oracle_fortunes_end,100,6,850,300,0,0,0,0,0,0,2.5,0,0,0,0,0,0,0,0,0,0,0,0,0,0,0,0,0,0,0,210,210,0,0,0,0,0,0,0,0,0,0,0
npc_dota_hero_oracle,oracle_fates_edict,50,7,800,0,0,0,0,0,0,0,0,0,0,0,0,0,0,4.5,0,0,0,0,0,0,1,0,0,0,0,0,0,0,0,0,0,0,0,0,0,0,0,0,0
npc_dota_hero_oracle,oracle_purifying_flames,95,2.25,850,0,0,0,0,0,0,0,0,0,0,0,0,0,0,9,0,0,0,396,0,0,0,0,0,0,0,0,360,360,0,0,0,0,0,0,0,0,0,0,0
npc_dota_hero_oracle,oracle_false_promise,200,45,1000,0,0,0,0,0,0,0,0,0,0,0,0,0,0,10,0,0,0,1500,0,0,0,0,0,0,0,0,0,0,0,0,0,0,0,0,0,0,0,0,0
npc_dota_hero_techies,techies_land_mines,170,0,100,400,0,0,0,0,0,0,0,0,0,0,0,0,0,0,0,0,0,0,0,0,0,0,0,0,0,0,800,800,0,0,0,0,0,0,0,0,0,0,0
npc_dota_hero_techies,techies_stasis_trap,160,10,150,400,0,0,0,0,0,0,5,0,0,0,0,0,0,600,0,0,0,0,0,0,0,0,0,0,0,0,0,0,0,0,0,0,0,0,0,0,0,0,0
npc_dota_hero_techies,techies_suicide,175,35,1000,400,0,7,1,0,0,0,0,0,0,0,0,0,0,0.75,0,0,0,0,0,0,0,0,0,0,0,0,600,600,0,0,0,0,0,0,0,0,0,0,0
npc_dota_hero_techies,techies_focused_detonate,0,1,10000,700,0,0,0,0,0,0,0,0,0,0,0,0,0,0,0,0,0,0,0,0,0,0,0,0,0,0,0,0,0,0,0,0,0,0,0,0,0,0,0
npc_dota_hero_techies,techies_minefield_sign,0,360,10,125,0,0,0,0,0,0,0,0,0,0,0,0,0,0,0,0,0,0,0,0,0,0,0,0,0,0,0,0,0,0,0,0,0,0,0,0,0,0,0
npc_dota_hero_techies,techies_remote_mines,240,8,500,425,0,0,0,0,0,0,0,0,0,0,0,0,0,600,0,0,0,0,0,0,0,0,0,0,0,0,600,600,0,0,0,0,0,0,0,0,0,0,0
npc_dota_hero_winter_wyvern,winter_wyvern_arctic_burn,90,20,0,0,0,0,0,0,0,0,0,0,0,0,0,0,0,8,0,0,0,0,0,0,0,0,0,0,0,0,0,0,0,0,0,0,0,0,0,0,0,0,0
npc_dota_hero_winter_wyvern,winter_wyvern_splinter_blast,150,7,1200,500,-0.3,0,0,0,0,0,0,0,0,0,0,0,0,4,0,-0.3,0,0,0,0,0,0,0,0,0,0,340,340,0,0,0,0,0,0,0,0,0,0,0
npc_dota_hero_winter_wyvern,winter_wyvern_cold_embrace,80,15,1000,0,0,0,0,0,0,0,0,0,0,0,0,0,0,4,0,0,0.5,152,0,0,0,0,0,0,0,0,0,0,0,0,0,0,0,0,0,0,0,0,0
npc_dota_hero_winter_wyvern,winter_wyvern_winters_curse,250,80,800,500,0,0,0,5.5,5.5,1,0,1,0,0,0,0,0,5.5,55,0,1,0,0,0,0,0,0,0,0,0,0,0,0,0,0,0,0,0,0,0,0,0,0
npc_dota_hero_arc_warden,arc_warden_flux,75,16,800,0,-0.5,0,0,0,0,0,0,0,0,0,0,0,0,6,0,-0.5,0,0,0,0,0,0,0,0,60,1,0,0,0,0,0,0,0,0,0,0,0,0,0
npc_dota_hero_arc_warden,arc_warden_magnetic_field,110,20,900,300,0,0,0,0,0,0,0,0,0,0,0,0,0,6.5,0,0,0,0,0,0,0,0,0,1,0,0,0,0,0,0,0,0,0,0,0,0,0,0,0
npc_dota_hero_arc_warden,arc_warden_spark_wraith,80,4,2000,375,-0.99,0,0,0.7,0.7,1,0,0,0,0,0,0,0,50,0,-0.99,0,0,0,0,0,0,0,0,0,0,0,0,0,0,0,0,0,0,0,0,0,0,0
npc_dota_hero_arc_warden,arc_warden_scepter,100,60,0,0,0,0,0,0,0,0,0,0,0,0,0,0,0,0,0,0,0,0,0,0,0,0,0,0,0,0,0,0,0,0,0,0,0,0,0,0,0,0,0
npc_dota_hero_arc_warden,arc_warden_tempest_double,0,40,0,0,0,0,0,0,0,0,0,0,0,0,0,0,0,26,0,0,0,0,0,0,0,0,0,0,0,0,0,0,0,0,0,0,0,0,0,0,0,0,0
npc_dota_hero_abyssal_underlord,abyssal_underlord_firestorm,130,12,675,490,0,0,0,0,0,0,0,0,0,0,0,0,0,0,0,0,0,0,0,0,0,0,0,0,0,0,0,0,0,0,0,0,0,0,0,0,0,0,0
npc_dota_hero_abyssal_underlord,abyssal_underlord_pit_of_malice,140,16,675,400,0,0,0,0,0,0,1.8,0,0,0,0,0,0,0,0,0,0,0,0,0,0,0,0,0,0,0,0,0,0,0,0,0,0,0,0,0,0,0,0
npc_dota_hero_abyssal_underlord,abyssal_underlord_atrophy_aura,0,0,0,900,0,0,0,0,0,0,0,0,0,0,0,0,0,0,0,0,0,0,0,0,0,0,0,0,0,0,0,0,0,0,0,0,0,0,0,0,0,0,0
npc_dota_hero_abyssal_underlord,abyssal_underlord_dark_rift,300,100,10000,600,0,0,0,0,0,0,0,0,0,0,0,0,0,0,0,0,0,0,0,0,0,0,0,0,0,0,0,0,0,0,0,0,0,0,0,0,0,0,0
npc_dota_hero_monkey_king,monkey_king_boundless_strike,100,22,1200,150,0,0,0,1.6,1.6,1,0,0,0,0,0,0,0,0,0,0,0,0,0,0,0,0,0,0,0,0,0,0,0,0,0,0,0,0,0,0,0,0,0
npc_dota_hero_monkey_king,monkey_king_tree_dance,0,1,1000,0,0,0,0,0,0,0,0,0,0,0,0,0,0,0,0,0,0,0,0,0,0,0,0,0,0,0,0,0,0,0,0,0,0,0,0,0,0,0,0
npc_dota_hero_monkey_king,monkey_king_primal_spring,100,13,1000,375,0,0,0,0,0,0,0,0,0,0,0,0,0,0,0,0,0,0,0,0,0,0,0,0,0,0,0,0,0,0,0,0,0,0,0,0,0,0,0
npc_dota_hero_monkey_king,monkey_king_jingu_mastery,0,0,0,0,0,0,0,0,0,0,0,1,0,0,0,0,0,0,0,0,0,0,0,0,0,0,0,0,0,0,0,0,150,0,0,0,0,0,0,0,0,0,0
npc_dota_hero_monkey_king,monkey_king_mischief,0,20,0,0,-0.35,0,0,0,0,0,0,0,0,0,0,0,0,0,0,-0.35,1,0,0,0,0,0,0,0,0,0,0,0,0,0,0,0,0,0,0,0,0,0,0
npc_dota_hero_monkey_king,monkey_king_wukongs_command,100,90,550,750,2.3,0,0,0,0,0,0,0,0,0,0,0,24,13,120,2.3,0,0,0,0,0,0,0,0,0,0,0,0,0,14,0,13,1000,1000,100,1,0,0,0
npc_dota_hero_pangolier,pangolier_swashbuckle,110,8,900,1000,0,0,0,0,0,0,0,1,0,0,0,0,0,0,0,0,0,0,0,0,0,0,0,0,0,0,78,78,0,0,0,0,0,0,0,0,0,0,0
npc_dota_hero_pangolier,pangolier_shield_crash,120,13,0,500,0,0,0,0,0,0,0,0,0,0,0,0,0,10,0,0,0.18,0,0,0,0,0,0,0,0,0,300,300,0,0,0,0,0,0,0,0,0,0,0
npc_dota_hero_pangolier,pangolier_lucky_shot,0,0,0,0,0,0,0,0,0,0,0,0,0,0,0,0,6,5,0,0,0,0,0,0,0,0,0,0,0,0,0,0,0,0,0,0,0,0,0,0,0,0,0
npc_dota_hero_pangolier,pangolier_gyroshell,200,70,0,150,0,0,0,1.5,1.5,1,0,0,0,0,0,0,0,8,0,0,0,0,0,0,0,0,0,0,0,0,350,350,0,0,0,0,0,0,0,0,0,0,0
npc_dota_hero_dark_willow,dark_willow_bramble_maze,160,20,1200,500,0,0,0,0,0,0,2.5,0,0,0,0,0,0,0,0,0,0,0,0,0,0,0,0,0,0,0,0,0,0,0,0,0,0,0,0,0,0,0,0
npc_dota_hero_dark_willow,dark_willow_shadow_realm,100,14,0,0,0,0,0,0,0,0,0,0,0,0,0,0,0,5,0,0,0,0,0,0,0,0,0,0,0,0,36,360,0,0,0,0,0,0,0,0,0,0,0
npc_dota_hero_dark_willow,dark_willow_cursed_crown,140,12,600,360,0,0,0,0,0,0,0,0,0,4,0,0,0,0,0,0,0,0,0,0,0,0,0,0,0,0,0,0,0,0,0,0,0,0,0,0,0,0,0
npc_dota_hero_dark_willow,dark_willow_bedlam,200,30,0,300,0,0,0,0,0,0,0,0,0,0,0,0,0,0,0,0,0,0,0,0,0,0,0,0,0,0,0,0,0,0,0,0,0,0,0,0,0,0,0
npc_dota_hero_dark_willow,dark_willow_terrorize,150,80,1500,400,0,0,0,0,0,0,0,0,0,0,0,0,0,0,0,0,0,0,0,0,0,0,0,0,0,0,0,0,0,0,0,0,0,0,0,0,0,0,0
npc_dota_hero_grimstroke,grimstroke_dark_artistry,130,5,1400,160,-0.8,0,0,0,0,0,0,0,0,0,0,0,0,0,0,-0.8,0,0,0,0,0,0,0,0,0,0,300,300,0,0,0,0,0,0,0,0,0,0,0
npc_dota_hero_grimstroke,grimstroke_ink_creature,140,20,900,0,0,5,1,0,0,0,0,0,0,0,0,0,0,0,0,0,0,0,0,0,0,0,0,0,15,0.5,0,0,0,1,0,5,30,30,100,100,0.5,0,200
npc_dota_hero_grimstroke,grimstroke_spirit_walk,150,15,775,400,0.18,0,0,3.7,3.7,1,0,0,0,0,0,0,0,0,0,0.18,0,0,0,0,0,0,0,0,11,0.2,0,0,0,0,0,0,0,0,0,0,0,0,0
npc_dota_hero_grimstroke,grimstroke_scepter,200,35,1200,0,0,0,0,0,0,0,0,0,0,0,0,0,0,0,0,0,0,0,0,0,0,0,0,0,0,0,0,0,0,0,0,0,0,0,0,0,0,0,0
npc_dota_hero_grimstroke,grimstroke_soul_chain,250,50,900,0,0,0,0,0,0,0,0,1,0,0,0,0,0,0,0,0,0,0,0,0,0,0,0,0,0,0,0,0,0,0,0,0,0,0,0,0,0,0,0
npc_dota_hero_mars,mars_spear,140,14,1200,125,0,0,0,0,2.8,1,0,0,0,0,0,0,0,0,0,0,0,0,0,0,0,0,0,0,0,0,325,325,0,0,0,0,0,0,0,0,0,0,0
npc_dota_hero_mars,mars_gods_rebuke,80,10,500,500,0,0,0,0,0,0,0,0,0,0,0,0,0,0,0,0,0,0,0,0,0,0,0,0,0,0,0,0,0,0,0,0,0,0,0,0,0,0,0
npc_dota_hero_mars,mars_bulwark,0,0,0,0,0,0,0,0,0,0,0,0,0,0,0,0,0,0,0,0,0.7,0,0,0,0,0,0,0,0,0,0,0,0,0,0,0,0,0,0,0,0,0,0
npc_dota_hero_mars,mars_arena_of_blood,200,60,400,550,0,0,0,0,0,0,0,0,0,0,0,0,0,7,0,0,0,0,0,0,0,0,0,0,0,0,0,0,0,0,0,0,0,0,0,0,0,0,0
npc_dota_hero_void_spirit,void_spirit_aether_remnant,100,11,1000,450,0,0,0,1.8,1.8,1,0,0,0,0,0,0,0,20,0,0,0,0,0,0,0,0,0,0,0,0,230,230,0,0,0,0,0,0,0,0,0,0,0
npc_dota_hero_void_spirit,void_spirit_dissimilate,130,11,520,275,0,0,0,0,0,0,0,0,0,0,0,0,0,0,0,0,1,0,0,1,1,0,0,0,0,0,340,340,0,0,0,0,0,0,0,0,0,0,0
npc_dota_hero_void_spirit,void_spirit_resonant_pulse,130,16,0,500,0,0,0,0,0,0,0,0,0,0,0,0,0,0,0,0,0,0,0,0,0,0,0,0,0,0,220,220,0,0,0,0,0,0,0,0,0,0,0
npc_dota_hero_void_spirit,void_spirit_astral_step,100,0,1100,0,-0.8,0,0,0,0,0,0,1,0,0,0,0,0,0,0,-0.8,0,0,0,0,0,0,0,0,0,0,0,0,0,0,0,0,0,0,0,0,0,0,0
npc_dota_hero_snapfire,snapfire_scatterblast,110,10,800,400,-0.99,0,0,0,0,0,0,0,0,0,0,0,0,0,0,-0.99,0,0,0,0,0,0,0,0,0,0,290,290,0,0,0,0,0,0,0,0,0,0,0
npc_dota_hero_snapfire,snapfire_firesnap_cookie,100,15,700,300,0,0,0,2.2,2.2,1,0,0,0,0,0,0,0,0,0,0,0,0,0,0,0,0,0,0,0,0,0,0,0,0,0,0,0,0,0,0,0,0,0
npc_dota_hero_snapfire,snapfire_lil_shredder,90,12,0,0,0,0,0,0,0,0,0,0,0,0,0,0,0,8,0,0,0,0,0,0,0,0,0,0,0,0,80,80,0,0,0,0,0,0,0,0,0,0,0
npc_dota_hero_snapfire,snapfire_gobble_up,0,40,150,0,0,0,0,0,0,0,0,0,0,0,0,0,0,0,0,0,0,0,0,0,0,0,0,0,0,0,0,0,0,0,0,0,0,0,0,0,0,0,0
npc_dota_hero_snapfire,snapfire_spit_creep,150,0,3000,400,-0.25,0,0,1.5,1.5,1,0,0,0,0,0,0,0,0,0,-0.25,0,0,0,0,0,0,0,0,0,0,0,0,0,0,0,0,0,0,0,0,0,0,0
npc_dota_hero_snapfire,snapfire_mortimer_kisses,175,110,3000,275,-0.25,0,0,0,0,0,0,0,0,0,0,0,0,0,0,-0.25,0,0,0,0,0,0,0,0,0,0,320,2560,0,0,0,0,0,0,0,0,0,0,0
